date,home_team,away_team,home_goals,away_goals,result,home_goals_for_r5,home_goals_against_r5,home_points_r5,home_possessionPct_r5,home_totalShots_r5,home_shotsOnTarget_r5,home_shotPct_r5,home_accuratePasses_r5,home_totalPasses_r5,home_passPct_r5,home_totalCrosses_r5,home_crossPct_r5,home_totalLongBalls_r5,home_longballPct_r5,home_effectiveTackles_r5,home_totalTackles_r5,home_interceptions_r5,home_totalClearance_r5,home_foulsCommitted_r5,home_yellowCards_r5,home_season_pts_avg,home_season_gd_avg,home_matches_played,away_goals_for_r5,away_goals_against_r5,away_points_r5,away_possessionPct_r5,away_totalShots_r5,away_shotsOnTarget_r5,away_shotPct_r5,away_accuratePasses_r5,away_totalPasses_r5,away_passPct_r5,away_totalCrosses_r5,away_crossPct_r5,away_totalLongBalls_r5,away_longballPct_r5,away_effectiveTackles_r5,away_totalTackles_r5,away_interceptions_r5,away_totalClearance_r5,away_foulsCommitted_r5,away_yellowCards_r5,away_season_pts_avg,away_season_gd_avg,away_matches_played
2025-09-13 07:30:00,Arsenal,Nottingham Forest,3,0,H,2.0,0.3333333333333333,2.0,51.13333333333333,12.666666666666666,3.0,23.333333333333332,357.0,421.3333333333333,80.0,15.666666666666666,26.666666666666668,44.666666666666664,53.333333333333336,8.0,14.666666666666666,6.0,18.666666666666668,12.333333333333334,2.0,2.0,1.6666666666666667,3,1.3333333333333333,1.6666666666666667,1.3333333333333333,56.9,10.333333333333334,3.0,30.0,418.3333333333333,490.6666666666667,86.66666666666667,28.333333333333332,13.333333333333334,46.333333333333336,43.333333333333336,9.333333333333334,14.333333333333334,8.333333333333334,18.333333333333332,10.666666666666666,1.3333333333333333,1.3333333333333333,-0.3333333333333333,3
2025-09-13 10:00:00,Newcastle United,Wolverhampton Wanderers,1,0,H,0.6666666666666666,1.0,0.6666666666666666,51.56666666666666,11.333333333333334,2.6666666666666665,26.666666666666668,336.3333333333333,415.0,76.66666666666667,24.333333333333332,16.666666666666668,52.666666666666664,40.0,5.666666666666667,10.666666666666666,9.333333333333334,16.333333333333332,14.333333333333334,1.3333333333333333,0.6666666666666666,-0.3333333333333333,3,0.6666666666666666,2.6666666666666665,0.0,47.1,9.0,2.6666666666666665,26.666666666666668,324.0,408.3333333333333,76.66666666666667,17.666666666666668,33.333333333333336,56.0,46.666666666666664,14.666666666666666,23.0,8.333333333333334,23.0,14.666666666666666,1.6666666666666667,0.0,-2.0,3
2025-09-13 10:00:00,Fulham,Leeds United,1,0,H,0.6666666666666666,1.3333333333333333,0.6666666666666666,49.6,10.333333333333334,3.0,30.0,346.3333333333333,419.0,80.0,20.666666666666668,26.666666666666668,52.666666666666664,46.666666666666664,9.333333333333334,18.0,5.333333333333333,19.666666666666668,14.666666666666666,2.0,0.6666666666666666,-0.6666666666666666,3,0.3333333333333333,1.6666666666666667,1.3333333333333333,43.300000000000004,11.333333333333334,1.6666666666666667,16.666666666666668,316.0,395.0,80.0,16.0,23.333333333333332,50.0,36.666666666666664,11.0,17.0,9.333333333333334,22.666666666666668,9.0,1.0,1.3333333333333333,-1.3333333333333333,3
2025-09-13 10:00:00,Crystal Palace,Sunderland,0,0,D,1.3333333333333333,0.3333333333333333,1.6666666666666667,37.4,8.333333333333334,4.0,53.333333333333336,261.0,329.6666666666667,80.0,13.333333333333334,16.666666666666668,43.666666666666664,33.333333333333336,13.333333333333334,20.666666666666668,8.0,33.0,12.333333333333334,3.0,1.6666666666666667,1.0,3,1.6666666666666667,1.0,2.0,49.800000000000004,10.333333333333334,3.0,30.0,373.3333333333333,452.6666666666667,83.33333333333333,19.666666666666668,23.333333333333332,50.0,40.0,9.0,20.0,7.666666666666667,31.0,8.0,1.3333333333333333,2.0,0.6666666666666666,3
2025-09-13 10:00:00,Everton,Aston Villa,0,0,D,1.6666666666666667,1.0,2.0,43.166666666666664,9.333333333333334,2.6666666666666665,26.666666666666668,290.3333333333333,381.3333333333333,76.66666666666667,12.0,30.0,63.0,36.666666666666664,10.333333333333334,15.666666666666666,8.666666666666666,31.333333333333332,8.333333333333334,2.3333333333333335,2.0,0.6666666666666666,3,0.0,1.3333333333333333,0.3333333333333333,58.23333333333334,11.0,3.0,46.666666666666664,405.3333333333333,476.0,83.33333333333333,23.0,20.0,48.333333333333336,50.0,7.333333333333333,12.0,7.333333333333333,16.333333333333332,9.666666666666666,1.6666666666666667,0.3333333333333333,-1.3333333333333333,3
2025-09-13 10:00:00,AFC Bournemouth,Brighton & Hove Albion,2,1,H,1.3333333333333333,1.3333333333333333,2.0,45.4,14.666666666666666,4.333333333333333,30.0,268.0,347.3333333333333,76.66666666666667,19.333333333333332,26.666666666666668,59.333333333333336,36.666666666666664,11.333333333333334,20.0,8.666666666666666,36.0,12.0,2.6666666666666665,2.0,0.0,3,1.0,1.3333333333333333,1.3333333333333333,47.9,11.666666666666666,5.0,43.333333333333336,340.0,410.6666666666667,80.0,10.0,36.666666666666664,47.666666666666664,40.0,10.0,17.666666666666668,7.333333333333333,20.333333333333332,15.666666666666666,2.6666666666666665,1.3333333333333333,-0.3333333333333333,3
2025-09-13 12:30:00,West Ham United,Tottenham Hotspur,0,3,A,1.3333333333333333,2.6666666666666665,1.0,48.4,12.0,5.333333333333333,43.333333333333336,374.3333333333333,442.3333333333333,86.66666666666667,20.0,33.333333333333336,45.666666666666664,36.666666666666664,7.333333333333333,13.0,5.666666666666667,25.666666666666668,7.666666666666667,0.3333333333333333,1.0,-1.3333333333333333,3,1.6666666666666667,0.3333333333333333,2.0,55.76666666666667,11.0,4.0,33.333333333333336,368.0,439.6666666666667,83.33333333333333,19.333333333333332,33.333333333333336,50.666666666666664,40.0,11.0,17.333333333333332,4.0,28.0,14.333333333333334,2.0,2.0,1.3333333333333333,3
2025-09-13 15:00:00,Brentford,Chelsea,2,2,D,1.0,1.6666666666666667,1.0,38.36666666666667,8.666666666666666,3.0,36.666666666666664,227.33333333333334,292.6666666666667,76.66666666666667,14.333333333333334,36.666666666666664,46.0,40.0,9.333333333333334,19.0,6.666666666666667,35.333333333333336,12.666666666666666,1.6666666666666667,1.0,-0.6666666666666666,3,2.3333333333333335,0.3333333333333333,2.3333333333333335,61.5,14.666666666666666,5.333333333333333,43.333333333333336,481.3333333333333,546.3333333333334,90.0,19.0,23.333333333333332,46.333333333333336,40.0,9.333333333333334,17.0,11.0,18.666666666666668,10.333333333333334,1.6666666666666667,2.3333333333333335,2.0,3
2025-09-14 09:00:00,Burnley,Liverpool,0,1,A,1.3333333333333333,2.0,1.0,37.6,9.0,3.0,36.666666666666664,254.0,335.3333333333333,73.33333333333333,12.666666666666666,20.0,56.333333333333336,36.666666666666664,9.0,16.0,7.666666666666667,31.0,8.666666666666666,1.6666666666666667,1.0,-0.6666666666666666,3,2.6666666666666665,1.3333333333333333,3.0,58.86666666666667,11.0,5.666666666666667,53.333333333333336,379.6666666666667,456.3333333333333,80.0,11.0,20.0,53.333333333333336,46.666666666666664,10.0,13.333333333333334,4.333333333333333,37.666666666666664,9.666666666666666,2.0,3.0,1.3333333333333333,3
2025-09-14 11:30:00,Manchester City,Manchester United,3,0,H,1.6666666666666667,1.3333333333333333,1.0,61.166666666666664,12.333333333333334,3.6666666666666665,33.333333333333336,486.3333333333333,551.0,90.0,14.666666666666666,26.666666666666668,37.0,43.333333333333336,9.333333333333334,17.666666666666668,7.333333333333333,20.0,9.333333333333334,1.6666666666666667,1.0,0.3333333333333333,3,1.3333333333333333,1.3333333333333333,1.3333333333333333,56.833333333333336,19.333333333333332,5.333333333333333,26.666666666666668,379.6666666666667,460.0,80.0,18.333333333333332,33.333333333333336,59.333333333333336,53.333333333333336,10.333333333333334,18.333333333333332,4.0,22.333333333333332,9.666666666666666,1.0,1.3333333333333333,0.0,3
2025-09-20 07:30:00,Liverpool,Everton,2,1,H,2.25,1.0,3.0,64.4,15.0,5.25,42.5,437.25,516.5,82.5,19.25,20.0,47.0,47.5,9.25,12.5,5.0,31.25,9.5,2.0,3.0,1.25,4,1.25,0.75,1.75,44.45,12.0,2.5,22.5,288.0,371.75,77.5,14.5,32.5,59.5,40.0,11.75,17.5,7.75,27.75,10.5,2.5,1.75,0.5,4
2025-09-20 10:00:00,Brighton & Hove Albion,Tottenham Hotspur,2,2,D,1.0,1.5,1.0,48.1,10.25,4.25,40.0,328.25,401.5,80.0,11.75,32.5,48.75,42.5,11.5,18.25,7.0,24.0,14.25,3.0,1.0,-0.5,4,2.0,0.25,2.25,57.825,11.75,4.25,35.0,392.25,463.25,85.0,22.25,30.0,48.5,42.5,11.0,17.0,3.75,23.5,12.5,1.75,2.25,1.75,4
2025-09-20 10:00:00,Wolverhampton Wanderers,Leeds United,1,3,A,0.5,2.25,0.0,46.15,8.75,2.75,30.0,307.75,392.0,77.5,17.0,30.0,58.5,42.5,13.0,21.25,9.75,25.75,15.25,2.25,0.0,-1.75,4,0.25,1.5,1.0,43.975,11.0,2.0,20.0,315.25,393.25,80.0,15.25,20.0,50.5,37.5,11.0,17.25,8.75,24.5,10.5,1.25,1.0,-1.25,4
2025-09-20 10:00:00,Burnley,Nottingham Forest,1,1,D,1.0,1.75,0.75,32.95,7.5,2.25,27.5,210.5,293.5,67.5,10.25,15.0,57.75,32.5,9.5,16.0,10.0,35.25,8.75,1.25,0.75,-0.75,4,1.0,2.0,1.0,54.125,9.0,2.5,27.5,401.25,470.25,87.5,24.5,15.0,45.5,42.5,9.0,13.75,9.0,18.5,10.75,1.25,1.0,-1.0,4
2025-09-20 10:00:00,West Ham United,Crystal Palace,1,2,A,1.0,2.75,0.75,45.3,10.75,5.0,47.5,340.5,409.25,85.0,17.25,32.5,48.75,35.0,7.75,13.0,5.5,29.5,7.75,0.25,0.75,-1.75,4,1.0,0.25,1.5,42.025,9.75,4.5,50.0,298.25,370.0,80.0,15.0,20.0,47.25,37.5,11.5,18.0,7.5,31.0,11.75,2.5,1.5,0.75,4
2025-09-20 12:30:00,Manchester United,Chelsea,2,1,H,1.0,1.75,1.0,56.3,17.5,4.5,25.0,389.75,470.25,80.0,19.5,32.5,59.0,55.0,11.5,19.5,6.25,19.25,9.25,0.75,1.0,-0.75,4,2.25,0.75,2.0,62.55,15.0,5.5,42.5,490.0,552.25,90.0,18.5,22.5,45.0,45.0,9.25,16.5,11.5,22.25,10.0,1.75,2.0,1.5,4
2025-09-20 15:00:00,Fulham,Brentford,3,1,H,0.75,1.0,1.25,50.7,9.0,3.0,37.5,355.25,427.0,80.0,21.0,22.5,49.25,47.5,11.0,19.5,5.5,20.5,16.0,1.75,1.25,-0.25,4,1.25,1.75,1.0,37.35,8.25,3.25,42.5,224.25,290.5,77.5,15.25,35.0,47.0,45.0,9.5,18.5,6.5,34.75,12.75,2.0,1.0,-0.5,4
2025-09-21 09:00:00,Sunderland,Aston Villa,1,1,D,1.25,0.75,1.75,48.375,9.25,2.25,22.5,357.5,436.0,82.5,19.0,22.5,50.25,40.0,9.0,18.25,8.25,31.75,8.0,1.25,1.75,0.5,4,0.0,1.0,0.5,56.6,10.0,2.5,37.5,382.25,453.0,82.5,19.75,22.5,48.5,45.0,8.25,13.0,6.5,17.0,11.0,2.0,0.5,-1.0,4
2025-09-21 09:00:00,AFC Bournemouth,Newcastle United,0,0,D,1.5,1.25,2.25,46.875,14.25,4.5,32.5,278.25,358.75,77.5,19.25,25.0,58.5,37.5,12.0,19.5,7.25,35.75,13.0,3.0,2.25,0.25,4,0.75,0.75,1.25,52.85,12.5,3.0,27.5,342.5,423.5,77.5,24.5,20.0,52.5,40.0,5.5,10.5,8.5,17.25,13.25,1.25,1.25,0.0,4
2025-09-21 11:30:00,Arsenal,Manchester City,1,1,D,2.25,0.25,2.25,51.900000000000006,13.5,3.5,25.0,371.5,435.5,82.5,16.75,27.5,41.0,52.5,8.75,14.25,6.25,17.75,11.25,1.75,2.25,2.0,4,2.0,1.0,1.5,57.2,12.5,4.25,37.5,452.75,520.75,87.5,11.5,32.5,41.5,42.5,8.75,16.5,8.0,23.25,9.0,1.25,1.5,1.0,4
2025-09-27 07:30:00,Brentford,Manchester United,3,1,H,1.2,2.0,0.8,39.28,8.2,3.2,42.0,244.2,312.0,78.0,16.4,30.0,46.8,44.0,8.8,17.4,6.2,31.4,12.8,1.8,0.8,-0.8,5,1.2,1.6,1.4,53.279999999999994,16.2,4.4,28.0,370.2,450.4,80.0,20.8,32.0,58.2,48.0,12.4,19.8,7.0,19.2,10.0,0.6,1.4,-0.4,5
2025-09-27 10:00:00,Crystal Palace,Liverpool,2,1,H,1.2,0.4,1.8,42.3,11.4,4.2,44.0,295.4,365.0,80.0,15.6,24.0,47.4,40.0,12.4,18.8,8.0,31.8,10.4,2.6,1.8,0.8,5,2.2,1.0,3.0,62.96,14.2,4.8,40.0,430.6,508.2,84.0,17.8,20.0,46.2,44.0,8.8,13.6,6.4,32.4,9.8,2.0,3.0,1.2,5
2025-09-27 10:00:00,Manchester City,Burnley,5,1,H,1.8,1.0,1.4,52.4,11.0,4.0,42.0,408.0,476.6,86.0,10.0,26.0,42.6,42.0,8.8,15.8,7.4,30.6,9.2,1.4,1.4,0.8,5,1.0,1.6,0.8,33.7,8.4,2.8,30.0,222.2,304.4,70.0,13.4,18.0,55.4,32.0,9.4,15.0,10.0,35.2,9.4,1.2,0.8,-0.6,5
2025-09-27 10:00:00,Leeds United,AFC Bournemouth,2,2,D,0.8,1.4,1.4,44.0,10.0,2.4,30.0,322.4,397.8,80.0,13.6,16.0,49.4,38.0,11.4,17.8,8.4,29.4,10.2,1.2,1.4,-0.6,5,1.2,1.0,2.0,48.72,13.6,4.0,30.0,304.4,386.6,78.0,19.6,20.0,59.0,36.0,11.2,18.6,9.0,34.2,11.8,2.8,2.0,0.2,5
2025-09-27 10:00:00,Chelsea,Brighton & Hove Albion,1,3,A,2.0,1.0,1.6,61.8,13.0,4.6,38.0,485.2,551.8,88.0,17.8,20.0,45.0,46.0,10.0,16.4,10.8,23.6,10.8,2.4,1.6,1.0,5,1.2,1.6,1.0,45.7,10.6,4.2,38.0,309.8,382.6,80.0,11.0,32.0,50.4,42.0,12.6,19.6,6.6,27.2,13.4,2.6,1.0,-0.4,5
2025-09-27 12:30:00,Nottingham Forest,Sunderland,0,1,A,1.0,1.8,1.0,55.96,10.6,3.6,32.0,433.8,501.8,88.0,25.6,16.0,43.8,44.0,8.4,13.2,8.6,20.6,10.8,1.2,1.0,-0.8,5,1.2,0.8,1.6,44.42,10.2,2.6,24.0,316.2,392.4,80.0,17.6,22.0,50.0,38.0,9.8,18.6,8.2,32.2,9.2,1.4,1.6,0.4,5
2025-09-27 15:00:00,Tottenham Hotspur,Wolverhampton Wanderers,1,1,D,2.0,0.6,2.0,59.04,11.6,4.0,34.0,406.6,475.2,86.0,24.2,26.0,48.0,46.0,10.8,18.8,4.8,22.2,12.6,1.8,2.0,1.4,5,0.6,2.4,0.0,48.1,10.2,3.4,32.0,331.2,415.0,78.0,20.6,32.0,56.0,44.0,13.2,22.6,8.4,23.8,14.4,2.0,0.0,-1.8,5
2025-09-28 09:00:00,Aston Villa,Fulham,3,1,H,0.2,1.0,0.6,59.56,10.4,2.4,34.0,403.4,471.8,84.0,21.0,22.0,45.2,46.0,8.0,12.6,5.8,19.2,10.4,1.8,0.6,-0.8,5,1.2,1.0,1.6,51.160000000000004,10.0,3.0,34.0,360.6,432.8,80.0,19.4,26.0,49.2,46.0,10.6,19.4,5.6,24.2,15.0,2.2,1.6,0.2,5
2025-09-28 11:30:00,Newcastle United,Arsenal,1,2,A,0.6,0.6,1.2,51.06,10.8,2.6,28.0,333.6,416.8,78.0,22.8,18.0,53.2,40.0,6.6,12.2,8.4,20.8,12.6,1.2,1.2,0.0,5,2.0,0.4,2.0,54.879999999999995,13.2,3.4,26.0,400.6,464.8,84.0,19.8,26.0,43.4,54.0,9.6,15.4,6.0,17.8,11.2,1.6,2.0,1.6,5
2025-09-29 15:00:00,Everton,West Ham United,1,1,D,1.2,1.0,1.4,44.12,11.4,2.4,22.0,283.0,366.4,78.0,15.6,32.0,59.8,40.0,12.0,17.6,8.2,26.8,10.4,2.6,1.4,0.2,5,1.0,2.6,0.6,47.56,10.2,4.6,46.0,347.4,417.4,84.0,18.2,32.0,48.4,36.0,7.4,12.2,5.8,28.0,9.2,0.8,0.6,-1.6,5
2025-10-03 15:00:00,AFC Bournemouth,Fulham,3,1,H,1.2,0.6,2.2,52.68000000000001,14.0,4.4,32.0,349.8,428.6,82.0,19.8,16.0,54.2,40.0,11.0,19.2,8.2,31.2,12.4,2.8,1.8333333333333333,0.16666666666666666,6,1.2,1.4,1.4,51.46,10.8,3.4,36.0,362.2,431.0,82.0,22.6,26.0,47.8,48.0,10.4,19.6,7.0,25.8,14.6,2.4,1.3333333333333333,-0.16666666666666666,6
2025-10-04 07:30:00,Leeds United,Tottenham Hotspur,1,2,A,1.0,1.8,1.0,41.4,9.6,3.4,36.0,298.2,373.0,80.0,11.6,22.0,50.2,40.0,13.2,20.2,8.4,28.4,11.4,1.6,1.3333333333333333,-0.5,6,1.6,0.8,1.6,55.839999999999996,10.4,3.4,32.0,381.4,452.6,84.0,25.2,26.0,49.2,46.0,11.4,19.8,6.6,20.8,11.6,2.4,1.8333333333333333,1.1666666666666667,6
2025-10-04 10:00:00,Arsenal,West Ham United,2,0,H,2.2,0.6,2.0,59.779999999999994,15.4,4.2,28.0,437.8,505.0,86.0,22.2,30.0,45.2,54.0,8.8,14.4,7.2,17.6,9.2,1.0,2.1666666666666665,1.5,6,1.2,2.2,0.8,44.64,10.6,4.4,44.0,320.2,390.6,82.0,16.6,32.0,47.6,34.0,7.4,13.0,6.2,32.0,10.4,1.4,0.6666666666666666,-1.3333333333333333,6
2025-10-04 10:00:00,Manchester United,Sunderland,2,0,H,1.4,2.0,1.4,52.220000000000006,14.6,4.2,30.0,365.6,447.0,80.0,20.6,34.0,53.0,44.0,12.0,18.6,7.0,20.4,10.0,0.8,1.1666666666666667,-0.6666666666666666,6,0.8,0.8,1.6,44.06,10.4,2.2,20.0,317.8,391.4,80.0,18.0,20.0,51.4,42.0,10.2,17.8,7.6,34.2,8.8,1.8,1.8333333333333333,0.5,6
2025-10-04 12:30:00,Chelsea,Liverpool,2,1,H,2.2,1.6,1.4,59.4,11.8,4.6,38.0,462.4,532.2,86.0,14.8,20.0,45.8,44.0,11.0,18.0,10.6,21.4,10.6,2.6,1.3333333333333333,0.5,6,1.6,1.0,2.4,65.1,14.4,3.6,34.0,472.2,548.0,86.0,19.6,20.0,45.0,40.0,7.2,11.8,7.6,31.4,10.0,2.4,2.5,0.8333333333333334,6
2025-10-05 09:00:00,Everton,Crystal Palace,2,1,H,1.4,1.0,1.6,45.36,12.4,3.4,30.0,294.2,373.6,80.0,17.8,26.0,57.6,46.0,10.8,16.6,8.8,28.0,10.2,2.8,1.3333333333333333,0.16666666666666666,6,1.6,0.6,2.2,42.22,12.4,4.8,44.0,296.8,373.8,78.0,15.0,30.0,53.0,38.0,13.0,20.4,8.4,30.0,10.0,2.2,2.0,0.8333333333333334,6
2025-10-05 09:00:00,Newcastle United,Nottingham Forest,2,0,H,0.8,1.0,1.0,46.36,9.2,2.6,32.0,297.2,382.4,76.0,20.6,18.0,55.6,38.0,6.6,12.6,7.6,24.6,12.0,1.4,1.0,-0.16666666666666666,6,0.4,1.8,0.4,58.0,12.8,3.8,28.0,469.4,534.0,90.0,29.2,16.0,40.6,50.0,8.8,14.0,7.0,19.8,11.6,1.8,0.8333333333333334,-0.8333333333333334,6
2025-10-05 09:00:00,Wolverhampton Wanderers,Brighton & Hove Albion,1,1,D,0.8,1.8,0.2,49.52,10.2,3.4,32.0,330.2,415.0,78.0,19.6,34.0,58.4,42.0,12.6,23.8,9.2,28.0,14.0,2.2,0.16666666666666666,-1.5,6,1.6,1.6,1.4,43.839999999999996,11.0,4.0,36.0,288.2,360.4,78.0,11.4,32.0,46.2,42.0,13.4,20.0,7.2,27.0,13.4,3.0,1.3333333333333333,0.0,6
2025-10-05 09:00:00,Aston Villa,Burnley,2,1,H,0.8,1.2,1.0,61.24000000000001,11.6,2.6,22.0,426.0,490.4,86.0,20.8,18.0,40.6,50.0,7.8,12.4,5.2,20.4,9.8,1.8,1.0,-0.3333333333333333,6,1.2,2.0,0.8,33.46,7.4,2.4,28.0,234.4,314.2,72.0,12.0,16.0,57.0,36.0,10.8,17.8,10.6,36.4,9.2,1.8,0.6666666666666666,-1.1666666666666667,6
2025-10-05 11:30:00,Brentford,Manchester City,0,1,A,1.6,1.6,1.4,39.0,8.2,4.2,52.0,244.8,314.6,78.0,16.0,36.0,48.0,46.0,9.2,16.2,6.6,30.8,12.6,1.8,1.1666666666666667,-0.3333333333333333,6,2.0,1.2,1.4,54.42,12.2,4.8,44.0,419.2,491.6,86.0,10.6,28.0,41.8,42.0,7.8,13.8,6.8,30.0,8.8,1.2,1.6666666666666667,1.3333333333333333,6
2025-10-18 07:30:00,Nottingham Forest,Chelsea,0,3,A,0.2,2.0,0.2,56.160000000000004,12.0,4.4,42.0,455.4,521.6,88.0,26.8,18.0,39.6,46.0,9.0,14.2,6.8,24.4,12.4,2.0,0.7142857142857143,-1.0,7,1.6,1.6,1.4,58.2,11.8,4.4,36.0,445.8,518.4,84.0,15.8,20.0,50.6,44.0,10.8,18.4,12.4,20.4,10.4,2.4,1.5714285714285714,0.5714285714285714,7
2025-10-18 10:00:00,Sunderland,Wolverhampton Wanderers,2,0,H,0.8,0.8,1.6,42.4,10.2,2.6,26.0,280.0,353.8,78.0,17.2,20.0,53.0,40.0,10.4,18.4,8.2,35.0,10.2,2.4,1.5714285714285714,0.14285714285714285,7,1.0,1.8,0.4,49.58,10.2,3.8,38.0,339.2,424.2,80.0,19.2,32.0,59.4,42.0,12.6,24.8,9.2,28.4,13.4,1.8,0.2857142857142857,-1.2857142857142858,7
2025-10-18 10:00:00,Brighton & Hove Albion,Newcastle United,2,1,H,1.8,1.4,1.6,44.019999999999996,11.8,4.4,38.0,291.4,360.8,80.0,15.4,34.0,46.2,48.0,13.8,20.4,8.0,25.4,12.2,3.2,1.2857142857142858,0.0,7,0.8,0.4,1.6,49.1,10.8,3.8,36.0,340.6,425.8,78.0,20.6,18.0,53.8,40.0,7.8,13.4,7.8,23.6,11.8,1.0,1.2857142857142858,0.14285714285714285,7
2025-10-18 10:00:00,Manchester City,Everton,2,0,H,2.2,0.8,2.0,56.14000000000001,12.2,4.8,44.0,467.6,539.4,86.0,8.6,26.0,40.0,46.0,7.8,12.6,6.8,29.6,8.6,1.4,1.8571428571428572,1.2857142857142858,7,1.4,1.2,1.6,46.94,13.0,4.2,34.0,310.0,387.8,80.0,19.2,26.0,53.6,48.0,11.2,17.4,9.4,28.0,11.4,2.4,1.5714285714285714,0.2857142857142857,7
2025-10-18 10:00:00,Crystal Palace,AFC Bournemouth,3,3,D,1.6,0.8,2.0,43.74,13.8,5.6,44.0,309.2,384.8,78.0,14.2,28.0,53.6,40.0,13.8,22.6,9.8,33.4,11.0,2.2,1.7142857142857142,0.5714285714285714,7,1.6,0.8,2.2,51.620000000000005,13.4,4.8,36.0,364.4,446.4,82.0,20.8,12.0,54.2,40.0,10.6,18.8,8.6,29.4,11.4,2.4,2.0,0.42857142857142855,7
2025-10-18 10:00:00,Burnley,Leeds United,2,0,H,1.0,2.4,0.2,34.08,7.0,2.4,30.0,229.4,307.6,72.0,10.4,18.0,56.6,38.0,10.8,18.8,11.8,31.6,10.4,2.0,0.5714285714285714,-1.1428571428571428,7,1.2,1.2,1.0,46.2,12.2,4.0,36.0,334.6,410.6,80.0,14.8,28.0,50.8,40.0,13.0,20.4,8.4,29.4,11.2,1.6,1.1428571428571428,-0.5714285714285714,7
2025-10-18 12:30:00,Fulham,Arsenal,0,1,A,1.2,1.8,1.2,50.28,10.6,3.4,36.0,368.2,441.8,82.0,19.4,24.0,50.6,46.0,10.6,19.8,6.8,28.6,14.2,2.4,1.1428571428571428,-0.42857142857142855,7,1.6,0.6,2.0,59.86,16.0,4.2,26.0,427.6,498.4,86.0,23.0,24.0,43.6,48.0,10.0,16.6,7.6,21.6,10.4,1.0,2.2857142857142856,1.5714285714285714,7
2025-10-19 09:00:00,Tottenham Hotspur,Aston Villa,1,2,A,1.6,1.0,1.6,56.81999999999999,9.8,3.0,30.0,389.2,461.2,84.0,25.0,20.0,47.2,44.0,10.2,18.0,6.4,22.6,11.6,2.2,2.0,1.1428571428571428,7,1.2,1.2,1.6,56.96,11.2,3.6,30.0,410.0,472.2,86.0,17.6,30.0,40.0,50.0,7.4,12.6,5.0,22.6,9.8,2.0,1.2857142857142858,-0.14285714285714285,7
2025-10-19 11:30:00,Liverpool,Manchester United,1,2,A,1.2,1.0,1.8,61.98,15.8,3.2,22.0,472.2,549.0,86.0,20.0,22.0,43.8,42.0,8.0,12.4,9.0,28.0,8.6,2.2,2.142857142857143,0.5714285714285714,7,1.6,1.8,1.8,52.739999999999995,15.6,4.8,32.0,370.2,457.2,80.0,19.2,42.0,53.6,42.0,11.8,18.6,8.0,19.8,10.0,0.8,1.4285714285714286,-0.2857142857142857,7
2025-10-20 15:00:00,West Ham United,Brentford,0,2,A,1.0,1.6,0.8,42.9,9.0,3.6,38.0,294.4,365.8,80.0,15.6,28.0,49.6,32.0,7.6,14.2,7.2,36.2,11.8,1.8,0.5714285714285714,-1.4285714285714286,7,1.4,1.8,0.8,40.279999999999994,7.6,4.0,52.0,269.0,341.2,80.0,16.6,28.0,47.4,44.0,8.2,13.8,6.6,24.6,12.4,2.2,1.0,-0.42857142857142855,7
2025-10-24 15:00:00,Leeds United,West Ham United,2,1,H,1.2,1.6,0.8,51.379999999999995,14.0,4.6,38.0,374.2,450.8,82.0,20.8,32.0,47.2,40.0,11.4,19.4,8.2,28.2,10.6,1.6,1.0,-0.75,8,0.4,2.0,0.2,43.32000000000001,8.0,2.2,26.0,282.6,357.6,78.0,16.0,22.0,52.2,32.0,8.2,14.2,6.4,37.6,12.6,2.0,0.5,-1.5,8
2025-10-25 10:00:00,Chelsea,Sunderland,1,2,A,1.8,1.6,1.4,57.5,12.6,4.4,34.0,439.4,512.2,84.0,15.0,20.0,52.6,46.0,10.6,17.6,11.4,20.2,11.4,2.4,1.75,0.875,8,0.8,0.6,1.6,39.82,9.4,2.4,26.0,261.6,338.2,76.0,16.0,22.0,54.0,36.0,9.4,15.6,8.2,35.4,9.0,1.8,1.75,0.375,8
2025-10-25 10:00:00,Newcastle United,Fulham,2,1,H,1.0,0.8,1.4,48.58,12.4,4.0,34.0,331.8,414.6,80.0,21.2,22.0,48.2,40.0,9.6,14.8,7.6,26.8,10.6,1.0,1.125,0.0,8,1.2,1.6,1.2,48.44,10.2,2.8,30.0,350.4,421.4,82.0,20.0,20.0,49.0,46.0,10.8,18.0,7.0,31.6,13.0,2.0,1.0,-0.5,8
2025-10-25 12:30:00,Manchester United,Brighton & Hove Albion,4,2,H,1.4,1.6,1.8,47.68,12.8,4.4,34.0,326.6,414.4,78.0,16.4,38.0,57.6,34.0,11.8,18.4,8.6,25.6,11.0,1.0,1.625,-0.125,8,1.8,1.4,1.6,45.88,12.0,4.0,34.0,312.6,382.0,82.0,17.4,30.0,45.4,50.0,14.0,21.2,7.4,29.4,10.8,2.8,1.5,0.125,8
2025-10-25 15:00:00,Brentford,Liverpool,3,2,H,1.6,1.4,1.4,42.36,10.6,4.6,46.0,286.6,360.6,80.0,18.2,30.0,47.8,46.0,8.4,14.2,7.2,23.0,12.0,2.0,1.25,-0.125,8,1.2,1.4,1.2,64.08,17.8,3.8,22.0,480.2,558.0,88.0,28.2,24.0,41.2,44.0,7.6,12.8,8.6,27.8,8.8,1.8,1.875,0.375,8
2025-10-26 10:00:00,Wolverhampton Wanderers,Burnley,2,3,A,0.6,1.6,0.4,49.64,11.0,3.6,36.0,333.6,412.6,80.0,22.2,30.0,59.2,44.0,12.4,23.2,8.8,32.6,12.8,1.8,0.25,-1.375,8,1.0,1.8,0.8,32.660000000000004,6.6,2.4,36.0,228.6,302.4,74.0,10.0,18.0,53.0,40.0,9.6,17.6,13.4,33.8,10.6,1.4,0.875,-0.75,8
2025-10-26 10:00:00,Arsenal,Crystal Palace,1,0,H,1.8,0.4,2.6,63.06,17.0,5.0,30.0,462.0,533.4,88.0,24.4,24.0,43.2,46.0,9.8,15.6,6.0,23.6,9.2,0.6,2.375,1.5,8,1.6,1.4,1.6,45.88,16.6,6.2,38.0,305.2,388.4,76.0,15.8,30.0,59.6,42.0,13.4,22.0,9.0,32.4,9.8,1.8,1.625,0.5,8
2025-10-26 10:00:00,Aston Villa,Manchester City,1,0,H,1.6,0.8,2.2,54.760000000000005,10.2,3.2,30.0,373.4,435.6,84.0,14.6,26.0,39.4,46.0,9.4,15.2,4.2,25.0,9.8,1.6,1.5,0.0,8,2.4,0.4,2.6,57.620000000000005,13.6,5.6,46.0,506.0,576.2,86.0,11.2,28.0,39.2,48.0,8.2,12.6,6.0,31.8,7.4,1.0,2.0,1.375,8
2025-10-26 10:00:00,AFC Bournemouth,Nottingham Forest,2,0,H,2.0,1.4,1.8,53.44,11.0,4.6,42.0,378.8,460.0,84.0,19.6,10.0,53.2,42.0,9.4,16.8,9.2,32.6,12.0,2.4,1.875,0.375,8,0.2,2.0,0.2,54.42,12.2,4.2,40.0,434.8,502.4,86.0,24.4,20.0,43.0,44.0,8.2,14.2,7.4,24.2,12.2,2.4,0.625,-1.25,8
2025-10-26 12:30:00,Everton,Tottenham Hotspur,0,3,A,0.8,1.2,1.0,44.42,12.0,3.6,30.0,302.4,373.6,82.0,18.6,24.0,52.0,48.0,11.2,17.8,7.6,28.0,12.2,2.6,1.375,0.0,8,1.8,1.2,1.6,55.06,10.8,3.4,32.0,377.6,442.2,86.0,25.4,18.0,45.0,48.0,11.6,19.8,6.8,21.8,10.4,2.2,1.75,0.875,8
2025-11-01 11:00:00,Burnley,Arsenal,0,2,A,1.6,2.0,1.4,37.44,8.2,3.8,48.0,274.2,347.0,80.0,11.4,20.0,53.2,44.0,9.0,18.2,11.0,32.6,10.2,1.4,1.1111111111111112,-0.5555555555555556,9,1.4,0.4,2.6,64.16,15.8,4.6,30.0,468.8,545.8,86.0,22.4,26.0,47.8,42.0,9.0,15.4,5.8,26.2,8.8,0.4,2.4444444444444446,1.4444444444444444,9
2025-11-01 11:00:00,Crystal Palace,Brentford,2,0,H,1.6,1.6,1.4,42.760000000000005,15.2,5.2,32.0,276.2,362.2,74.0,13.8,30.0,60.6,38.0,14.0,23.2,10.2,36.2,10.0,1.6,1.4444444444444444,0.3333333333333333,9,1.8,1.4,1.8,42.239999999999995,12.6,5.4,44.0,283.8,361.4,78.0,18.4,30.0,50.6,40.0,8.2,13.8,8.8,23.4,10.8,2.0,1.4444444444444444,0.0,9
2025-11-01 11:00:00,Nottingham Forest,Manchester United,2,2,D,0.2,1.8,0.2,54.8,12.8,4.8,46.0,428.4,502.4,84.0,24.4,20.0,48.2,44.0,8.6,15.6,7.0,24.0,11.4,2.4,0.5555555555555556,-1.3333333333333333,9,2.2,1.4,2.4,45.459999999999994,13.0,5.8,44.0,314.8,402.6,78.0,13.6,34.0,57.2,32.0,11.4,18.0,8.8,26.6,10.2,1.4,1.7777777777777777,0.1111111111111111,9
2025-11-01 11:00:00,Brighton & Hove Albion,Leeds United,3,0,H,2.0,1.8,1.6,47.42,14.2,4.6,34.0,351.0,420.8,84.0,17.4,32.0,43.8,50.0,13.2,20.8,8.6,26.0,11.4,2.4,1.3333333333333333,-0.1111111111111111,9,1.6,1.6,1.4,50.38,14.6,5.0,40.0,370.8,447.0,82.0,20.4,40.0,48.4,38.0,11.8,20.0,9.2,30.0,10.0,1.8,1.2222222222222223,-0.5555555555555556,9
2025-11-01 11:00:00,Fulham,Wolverhampton Wanderers,3,0,H,1.2,2.0,0.6,47.480000000000004,11.6,3.2,26.0,344.2,420.0,82.0,18.2,20.0,51.2,44.0,9.8,17.0,7.6,31.2,12.6,2.2,0.8888888888888888,-0.5555555555555556,9,1.0,2.0,0.4,52.4,12.4,4.4,38.0,364.6,442.6,80.0,28.0,32.0,56.6,48.0,12.0,22.8,7.8,30.6,11.8,1.2,0.2222222222222222,-1.3333333333333333,9
2025-11-01 13:30:00,Tottenham Hotspur,Chelsea,0,1,A,1.8,1.2,1.6,51.56,9.4,3.2,36.0,350.4,414.4,84.0,22.2,20.0,45.6,44.0,11.6,20.6,7.4,30.6,10.6,2.0,1.8888888888888888,1.1111111111111112,9,1.6,1.6,1.2,58.040000000000006,12.6,4.6,34.0,449.6,524.0,84.0,17.4,18.0,52.2,44.0,10.4,16.2,9.4,17.2,12.6,2.2,1.5555555555555556,0.6666666666666666,9
2025-11-01 16:00:00,Liverpool,Aston Villa,2,0,H,1.4,2.0,0.6,61.14,16.0,4.0,26.0,456.2,535.8,86.0,23.6,26.0,47.8,42.0,8.6,15.0,8.0,33.6,9.0,1.8,1.6666666666666667,0.2222222222222222,9,1.8,0.8,2.6,53.82000000000001,10.6,3.6,34.0,388.4,448.6,86.0,15.0,26.0,41.4,48.0,9.4,15.6,4.8,25.0,8.4,1.2,1.6666666666666667,0.1111111111111111,9
2025-11-02 09:00:00,West Ham United,Newcastle United,3,1,H,0.6,1.8,0.2,47.92,8.4,2.0,20.0,321.0,400.6,78.0,18.8,18.0,50.8,34.0,7.6,14.0,6.2,31.8,13.2,2.6,0.4444444444444444,-1.4444444444444444,9,1.2,1.0,1.4,47.4,12.8,4.6,36.0,335.8,415.2,80.0,20.0,22.0,46.6,42.0,10.4,15.6,7.8,26.8,10.8,0.8,1.3333333333333333,0.1111111111111111,9
2025-11-02 11:30:00,Manchester City,AFC Bournemouth,3,1,H,1.8,0.6,2.0,59.15999999999999,14.6,5.2,40.0,526.6,591.0,88.0,15.0,24.0,32.2,50.0,8.4,12.8,6.2,29.0,9.0,1.8,1.7777777777777777,1.1111111111111112,9,2.0,1.2,1.8,53.64,11.0,4.6,42.0,388.8,470.8,84.0,17.8,10.0,51.6,42.0,8.0,15.0,11.0,28.8,12.2,2.2,2.0,0.5555555555555556,9
2025-11-03 15:00:00,Sunderland,Everton,1,1,D,1.2,0.8,2.0,37.32000000000001,10.2,3.2,34.0,245.6,319.6,76.0,14.4,20.0,53.6,36.0,9.2,15.8,7.8,35.2,10.0,1.8,1.8888888888888888,0.4444444444444444,9,0.8,1.8,0.8,45.46,10.4,3.6,32.0,321.0,393.4,82.0,20.8,18.0,49.6,46.0,10.0,17.0,7.8,30.0,10.6,2.4,1.2222222222222223,-0.3333333333333333,9
2025-11-08 07:30:00,Tottenham Hotspur,Manchester United,2,2,D,1.4,1.0,1.4,48.36,7.8,2.8,36.0,316.4,387.2,82.0,19.0,18.0,45.6,38.0,13.4,21.4,6.4,31.2,10.8,2.4,1.7,0.9,10,2.2,1.6,2.0,48.980000000000004,14.4,6.4,44.0,344.8,433.4,78.0,11.0,36.0,58.6,38.0,10.2,16.2,8.8,27.2,9.0,1.6,1.7,0.1,10
2025-11-08 10:00:00,Everton,Fulham,2,0,H,0.8,1.6,1.0,44.76,10.2,3.6,34.0,321.8,393.8,82.0,18.6,16.0,46.6,44.0,8.6,16.2,7.4,34.4,11.0,2.2,1.2,-0.3,10,1.2,1.8,0.6,49.54,12.6,3.8,28.0,363.2,438.6,84.0,19.8,18.0,49.6,46.0,8.4,14.4,7.2,27.8,13.0,1.6,1.1,-0.2,10
2025-11-08 10:00:00,West Ham United,Burnley,3,2,H,1.0,1.6,0.8,44.08,9.8,3.2,24.0,295.0,374.6,78.0,18.6,18.0,53.8,32.0,9.0,16.4,6.2,35.6,11.2,2.2,0.7,-1.1,10,1.4,2.2,1.2,39.38,6.4,2.8,40.0,290.0,362.8,80.0,8.8,16.0,55.4,48.0,9.0,18.8,10.4,31.2,9.8,1.6,1.0,-0.7,10
2025-11-08 12:30:00,Sunderland,Arsenal,2,2,D,1.2,0.8,2.0,43.739999999999995,10.8,3.0,32.0,305.2,381.8,78.0,16.2,22.0,55.6,40.0,8.6,14.6,7.2,32.6,9.2,2.0,1.8,0.4,10,1.6,0.2,3.0,61.52,15.8,5.6,38.0,450.6,528.2,86.0,18.8,28.0,45.8,36.0,7.8,14.6,6.0,28.2,9.2,0.4,2.5,1.5,10
2025-11-08 15:00:00,Chelsea,Wolverhampton Wanderers,3,0,H,1.6,1.2,1.8,56.7,14.6,6.2,42.0,425.0,499.0,84.0,17.0,20.0,53.8,44.0,10.2,17.0,11.2,15.2,12.2,1.6,1.7,0.7,10,0.8,2.0,0.4,48.56,10.2,3.6,38.0,328.2,404.4,80.0,24.2,30.0,61.0,48.0,11.6,20.6,9.2,33.6,12.4,1.6,0.2,-1.5,10
2025-11-09 09:00:00,Aston Villa,AFC Bournemouth,4,0,H,1.6,1.0,2.4,48.86,10.2,3.8,36.0,358.0,418.8,84.0,13.4,24.0,44.6,46.0,9.4,15.6,5.4,24.6,9.0,1.6,1.5,-0.1,10,2.2,1.8,1.6,52.739999999999995,10.4,5.2,50.0,399.2,475.4,86.0,17.6,12.0,48.6,48.0,8.4,16.6,8.8,28.6,13.0,2.2,1.8,0.3,10
2025-11-09 09:00:00,Crystal Palace,Brighton & Hove Albion,0,0,D,1.6,1.4,1.4,41.22,13.6,5.2,34.0,255.0,346.8,72.0,13.6,24.0,62.2,34.0,12.2,21.4,10.6,35.4,10.4,1.0,1.6,0.5,10,2.2,1.4,2.0,50.160000000000004,14.6,5.2,38.0,390.0,457.6,86.0,17.8,30.0,40.2,52.0,12.8,20.6,8.2,20.8,11.4,2.2,1.5,0.2,10
2025-11-09 09:00:00,Nottingham Forest,Leeds United,3,1,H,0.4,2.0,0.2,50.38,12.8,3.8,40.0,368.2,446.8,82.0,23.4,20.0,53.2,42.0,9.4,16.8,7.8,21.6,11.2,2.4,0.6,-1.2,10,1.0,2.0,0.8,51.6,14.4,4.6,34.0,385.2,461.0,84.0,22.8,44.0,48.8,40.0,10.8,18.4,9.0,24.0,9.6,1.8,1.1,-0.8,10
2025-11-09 09:00:00,Brentford,Newcastle United,3,1,H,1.6,1.2,1.8,45.7,12.2,5.2,42.0,297.4,380.4,78.0,17.6,30.0,55.0,40.0,9.2,14.4,8.6,27.4,10.4,2.4,1.3,-0.2,10,1.4,1.6,1.2,51.14,14.4,5.2,36.0,369.6,446.2,82.0,22.2,22.0,44.2,44.0,9.2,13.4,8.0,23.6,10.8,1.0,1.2,-0.1,10
2025-11-09 11:30:00,Manchester City,Liverpool,3,0,H,2.2,0.6,2.4,62.2,16.6,6.2,38.0,565.8,629.6,90.0,17.4,30.0,29.6,52.0,8.0,12.2,7.0,21.6,8.6,1.8,1.9,1.2,10,1.4,1.8,0.6,60.38000000000001,17.0,4.2,26.0,457.0,534.2,86.0,23.4,24.0,47.6,46.0,8.8,13.8,6.8,31.2,9.4,1.8,1.8,0.4,10
2025-11-22 07:30:00,Burnley,Chelsea,0,2,A,1.6,1.8,1.2,44.56,7.8,3.8,44.0,329.6,407.2,82.0,10.0,18.0,54.8,44.0,9.4,18.0,9.8,30.6,11.0,1.4,0.9090909090909091,-0.7272727272727273,11,2.0,0.6,2.4,57.620000000000005,16.0,7.2,46.0,454.4,527.8,86.0,19.4,20.0,52.0,50.0,9.6,14.6,10.6,16.6,12.8,1.2,1.8181818181818181,0.9090909090909091,11
2025-11-22 10:00:00,Liverpool,Nottingham Forest,0,3,A,1.2,2.0,0.6,56.3,14.4,3.6,24.0,417.2,490.8,86.0,21.8,20.0,46.0,48.0,9.2,14.0,6.6,26.6,10.8,2.0,1.6363636363636365,0.09090909090909091,11,1.0,2.0,0.8,46.56,11.2,3.8,42.0,319.4,400.8,80.0,20.2,20.0,57.2,38.0,11.0,19.0,8.8,23.0,11.0,2.0,0.8181818181818182,-0.9090909090909091,11
2025-11-22 10:00:00,Fulham,Sunderland,1,0,H,1.0,1.6,0.6,49.18,12.0,3.8,30.0,359.4,438.0,82.0,16.6,16.0,49.8,44.0,9.4,14.6,8.0,30.0,13.2,1.2,1.0,-0.36363636363636365,11,1.4,1.2,1.6,43.7,9.8,2.8,32.0,298.8,375.6,78.0,14.6,18.0,51.4,36.0,8.8,15.8,7.2,32.0,10.6,2.0,1.7272727272727273,0.36363636363636365,11
2025-11-22 10:00:00,Brighton & Hove Albion,Brentford,2,1,H,1.6,1.2,1.6,53.620000000000005,13.6,5.2,40.0,421.4,495.0,86.0,20.4,26.0,43.6,50.0,12.4,19.6,6.6,20.0,10.6,2.0,1.4545454545454546,0.18181818181818182,11,1.6,1.2,1.8,46.620000000000005,13.2,5.0,36.0,306.8,393.2,78.0,18.0,26.0,57.2,42.0,10.0,15.0,9.2,25.8,9.6,2.4,1.4545454545454546,0.0,11
2025-11-22 10:00:00,Wolverhampton Wanderers,Crystal Palace,0,2,A,0.6,2.4,0.2,46.0,9.0,3.0,32.0,319.8,394.8,80.0,23.0,26.0,60.6,50.0,9.4,16.4,9.6,31.4,13.0,1.6,0.18181818181818182,-1.6363636363636365,11,1.2,1.2,1.0,44.040000000000006,12.4,4.2,30.0,274.4,367.4,74.0,14.2,28.0,59.4,34.0,11.8,20.8,11.6,35.4,10.4,1.0,1.5454545454545454,0.45454545454545453,11
2025-11-22 10:00:00,AFC Bournemouth,West Ham United,2,2,D,1.8,2.2,1.4,50.660000000000004,10.4,4.8,48.0,362.6,436.8,84.0,17.6,12.0,47.0,46.0,8.0,15.2,9.6,29.6,14.4,2.2,1.6363636363636365,-0.09090909090909091,11,1.4,1.8,1.2,42.96,10.0,3.8,28.0,290.2,366.2,78.0,18.6,18.0,53.8,36.0,9.6,16.0,7.6,34.4,11.0,1.8,0.9090909090909091,-0.9090909090909091,11
2025-11-22 12:30:00,Newcastle United,Manchester City,2,1,H,1.4,1.8,1.2,54.06,13.8,4.8,32.0,403.2,478.4,84.0,22.2,20.0,43.2,46.0,9.0,13.0,7.4,26.6,11.8,0.8,1.0909090909090908,-0.2727272727272727,11,1.8,0.4,2.4,58.2,15.2,5.8,38.0,528.0,592.4,88.0,15.0,30.0,30.6,54.0,9.2,14.0,8.0,22.4,10.4,2.0,2.0,1.3636363636363635,11
2025-11-23 09:00:00,Leeds United,Aston Villa,1,2,A,0.8,2.2,0.6,54.220000000000006,12.6,3.6,32.0,399.8,476.6,84.0,22.2,36.0,47.8,36.0,9.6,16.0,9.0,24.6,9.4,1.6,1.0,-0.9090909090909091,11,1.8,0.8,2.4,49.559999999999995,11.6,4.6,38.0,344.2,407.4,84.0,14.6,26.0,47.0,44.0,11.0,17.6,5.2,23.8,8.6,1.8,1.6363636363636365,0.2727272727272727,11
2025-11-23 11:30:00,Arsenal,Tottenham Hotspur,4,1,H,1.6,0.4,2.6,61.8,15.2,5.6,38.0,461.6,535.0,88.0,18.6,24.0,41.4,34.0,7.4,14.4,4.6,27.4,10.0,0.4,2.3636363636363638,1.3636363636363635,11,1.6,1.2,1.4,49.08,7.8,3.0,38.0,328.4,400.4,82.0,18.4,16.0,44.8,34.0,14.0,23.2,5.8,30.8,11.0,2.8,1.6363636363636365,0.8181818181818182,11
2025-11-24 15:00:00,Manchester United,Everton,0,1,A,2.4,1.4,2.2,46.84,12.6,5.6,44.0,331.8,421.0,78.0,10.6,36.0,62.2,40.0,10.0,17.2,9.2,26.0,8.6,1.4,1.6363636363636365,0.09090909090909091,11,1.0,1.4,1.4,44.42,10.6,3.4,32.0,314.2,385.6,80.0,18.6,20.0,45.6,40.0,9.4,17.0,7.2,31.6,11.8,2.0,1.3636363636363635,-0.09090909090909091,11
2025-11-29 10:00:00,Sunderland,AFC Bournemouth,3,2,H,1.4,1.0,1.6,42.36,9.0,2.6,34.0,290.4,364.6,78.0,13.4,16.0,50.8,36.0,8.8,15.8,7.0,30.8,10.8,1.8,1.5833333333333333,0.25,12,1.6,2.4,1.0,55.2,13.8,5.6,46.0,376.0,452.8,84.0,23.4,18.0,43.8,44.0,8.6,17.0,9.4,27.2,14.6,2.8,1.5833333333333333,-0.08333333333333333,12
2025-11-29 10:00:00,Brentford,Burnley,3,1,H,1.8,1.4,1.8,47.78,14.0,5.6,40.0,303.8,393.8,76.0,18.0,28.0,58.4,42.0,9.6,15.8,9.6,28.8,9.4,2.2,1.3333333333333333,-0.08333333333333333,12,1.4,1.8,1.2,44.4,8.4,3.8,42.0,329.2,409.0,82.0,10.0,12.0,56.0,42.0,8.6,15.8,9.6,35.2,10.6,1.6,0.8333333333333334,-0.8333333333333334,12
2025-11-29 10:00:00,Manchester City,Leeds United,3,2,H,1.8,0.8,1.8,57.6,16.6,5.8,34.0,493.4,556.4,88.0,18.4,30.0,31.2,52.0,9.0,13.8,8.8,21.2,10.8,2.2,1.8333333333333333,1.1666666666666667,12,0.8,2.2,0.6,52.5,12.2,3.8,34.0,387.4,461.0,84.0,23.2,30.0,49.4,36.0,10.6,17.4,10.2,23.8,11.0,2.2,0.9166666666666666,-0.9166666666666666,12
2025-11-29 12:30:00,Everton,Newcastle United,1,4,A,0.8,1.2,1.4,40.38,8.4,2.2,28.0,282.0,355.2,78.0,16.6,16.0,48.8,38.0,8.0,14.4,7.2,33.8,11.0,1.6,1.5,0.0,12,1.4,2.0,1.2,50.4,12.0,4.0,34.0,369.8,442.6,84.0,19.8,24.0,46.0,48.0,9.0,13.2,7.0,30.6,11.2,1.0,1.25,-0.16666666666666666,12
2025-11-29 15:00:00,Tottenham Hotspur,Fulham,1,2,A,1.4,1.8,0.8,48.9,6.6,2.8,46.0,318.8,391.6,82.0,17.8,14.0,46.2,36.0,14.4,24.4,6.2,30.8,11.6,2.8,1.5,0.5,12,1.0,1.0,1.2,51.260000000000005,14.4,4.2,30.0,365.2,440.4,82.0,18.4,18.0,47.4,46.0,9.0,14.6,7.8,28.0,12.2,1.6,1.1666666666666667,-0.25,12
2025-11-30 07:00:00,Crystal Palace,Manchester United,1,2,A,1.4,0.8,1.6,44.519999999999996,11.4,3.4,28.0,277.4,368.4,74.0,16.0,24.0,59.0,38.0,11.0,18.4,10.8,33.8,9.0,1.0,1.6666666666666667,0.5833333333333334,12,2.0,1.6,1.6,50.78,14.6,5.6,40.0,373.2,458.4,80.0,16.8,26.0,56.0,46.0,9.4,16.6,8.8,25.0,9.0,1.6,1.5,0.0,12
2025-11-30 09:05:00,Nottingham Forest,Brighton & Hove Albion,0,2,A,1.6,1.6,1.4,41.92,13.2,4.4,36.0,275.2,353.4,78.0,20.4,20.0,58.4,38.0,12.8,21.8,8.4,24.6,9.6,1.2,1.0,-0.5833333333333334,12,1.8,1.2,2.0,54.760000000000005,13.0,5.0,40.0,431.8,511.8,84.0,17.8,22.0,43.8,46.0,12.4,20.4,6.4,20.6,10.8,2.0,1.5833333333333333,0.25,12
2025-11-30 09:05:00,Aston Villa,Wolverhampton Wanderers,1,0,H,1.8,0.8,2.4,48.980000000000004,11.4,3.8,32.0,329.0,398.0,82.0,14.6,20.0,49.2,40.0,10.6,18.6,5.6,22.8,10.0,1.4,1.75,0.3333333333333333,12,0.4,2.6,0.0,47.28,9.4,2.6,24.0,331.8,405.8,80.0,22.8,24.0,59.0,50.0,8.6,15.4,9.4,33.8,13.0,1.6,0.16666666666666666,-1.6666666666666667,12
2025-11-30 09:05:00,West Ham United,Liverpool,0,2,A,1.8,1.8,1.4,41.3,10.2,4.2,36.0,271.2,353.0,74.0,17.6,18.0,58.6,36.0,10.2,15.2,7.0,35.8,10.2,1.8,0.9166666666666666,-0.8333333333333334,12,1.0,2.2,0.6,61.839999999999996,16.2,4.0,24.0,455.0,526.6,88.0,27.4,18.0,44.2,52.0,8.8,13.8,5.6,24.8,11.4,2.0,1.5,-0.16666666666666666,12
2025-11-30 11:30:00,Chelsea,Arsenal,1,1,D,2.0,0.4,2.4,58.14,16.6,7.0,42.0,457.8,531.0,86.0,18.0,18.0,47.8,50.0,9.0,13.4,10.4,18.0,12.6,1.8,1.9166666666666667,1.0,12,2.0,0.6,2.6,59.7,14.4,6.2,44.0,434.6,511.4,86.0,17.0,28.0,46.2,34.0,7.8,14.4,5.4,25.4,9.4,0.6,2.4166666666666665,1.5,12
2025-12-02 14:30:00,AFC Bournemouth,Everton,0,1,A,1.4,2.4,0.8,57.160000000000004,15.8,5.8,40.0,395.2,472.6,84.0,25.6,18.0,45.2,44.0,9.2,17.2,8.8,22.0,14.0,3.0,1.4615384615384615,-0.15384615384615385,13,1.0,1.6,1.4,44.36,9.4,2.4,28.0,326.2,399.2,80.0,19.6,18.0,47.8,42.0,8.2,14.6,7.6,32.0,9.0,1.2,1.3846153846153846,-0.23076923076923078,13
2025-12-02 14:30:00,Fulham,Manchester City,4,5,A,1.4,1.0,1.8,51.339999999999996,14.0,4.8,38.0,363.8,441.8,82.0,16.0,20.0,48.4,46.0,9.6,16.4,8.2,30.4,11.4,2.0,1.3076923076923077,-0.15384615384615385,13,2.0,1.2,1.8,55.720000000000006,16.4,6.2,36.0,455.4,518.8,88.0,20.0,30.0,32.0,52.0,7.6,12.0,8.2,21.0,12.6,3.0,1.9230769230769231,1.1538461538461537,13
2025-12-02 15:15:00,Newcastle United,Tottenham Hotspur,2,2,D,2.0,1.8,1.8,49.760000000000005,11.4,5.0,42.0,383.0,455.0,84.0,18.4,26.0,46.0,50.0,9.6,13.0,6.2,32.2,10.6,0.8,1.3846153846153846,0.07692307692307693,13,1.4,1.8,0.8,50.9,7.4,2.6,42.0,339.4,416.6,82.0,21.2,14.0,46.2,34.0,12.8,22.2,7.6,28.6,11.6,3.0,1.3846153846153846,0.38461538461538464,13
2025-12-03 14:30:00,Brighton & Hove Albion,Aston Villa,3,4,A,1.8,1.0,2.0,55.260000000000005,13.8,5.2,40.0,442.0,522.8,84.0,15.2,30.0,47.6,46.0,12.2,20.0,8.0,22.0,11.0,2.2,1.6923076923076923,0.38461538461538464,13,1.6,0.6,2.4,49.940000000000005,13.0,4.6,34.0,350.8,420.6,84.0,15.6,24.0,46.6,42.0,9.4,17.0,6.0,22.2,11.2,1.4,1.8461538461538463,0.38461538461538464,13
2025-12-03 14:30:00,Arsenal,Brentford,2,0,H,2.0,0.8,2.2,59.44,12.8,6.0,48.0,417.6,494.8,84.0,15.2,30.0,44.6,32.0,8.6,15.6,7.2,23.0,11.2,1.8,2.3076923076923075,1.3846153846153846,13,2.0,1.6,1.8,46.94,12.4,5.0,40.0,293.8,384.8,76.0,18.0,22.0,57.2,42.0,9.6,15.4,10.4,33.8,8.8,2.0,1.4615384615384615,0.07692307692307693,13
2025-12-03 14:30:00,Burnley,Crystal Palace,0,1,A,1.2,2.4,0.6,47.76,8.8,3.6,32.0,337.6,426.4,80.0,11.6,12.0,62.0,38.0,10.6,18.2,7.6,32.6,10.0,1.6,0.7692307692307693,-0.9230769230769231,13,1.0,0.6,1.4,42.84,10.2,2.6,24.0,264.6,355.4,72.0,15.6,22.0,57.4,34.0,10.0,16.6,11.0,36.2,10.2,1.4,1.5384615384615385,0.46153846153846156,13
2025-12-03 14:30:00,Wolverhampton Wanderers,Nottingham Forest,0,1,A,0.4,2.4,0.0,45.08,8.0,2.8,28.0,327.0,397.2,82.0,20.2,22.0,56.0,50.0,8.4,16.8,9.0,31.4,14.8,2.4,0.15384615384615385,-1.6153846153846154,13,1.6,1.4,1.4,42.36,14.6,4.6,36.0,283.6,362.8,78.0,22.4,20.0,61.0,42.0,13.6,22.4,8.0,25.4,9.2,0.8,0.9230769230769231,-0.6923076923076923,13
2025-12-03 15:15:00,Leeds United,Chelsea,3,1,H,1.2,2.4,0.6,46.38,10.2,3.8,38.0,335.2,407.6,82.0,16.6,26.0,52.8,38.0,12.2,20.0,9.4,25.6,11.8,2.2,0.8461538461538461,-0.9230769230769231,13,1.6,0.6,2.0,55.739999999999995,15.4,6.6,42.0,422.8,494.2,84.0,19.2,18.0,48.6,48.0,8.6,13.0,9.0,20.2,11.8,1.6,1.8461538461538463,0.9230769230769231,13
2025-12-03 15:15:00,Liverpool,Sunderland,1,1,D,1.2,1.8,1.2,60.379999999999995,14.2,3.8,30.0,462.4,533.6,88.0,19.8,18.0,42.8,50.0,8.8,13.4,5.4,25.0,12.6,2.0,1.6153846153846154,0.0,13,1.6,1.4,1.6,42.620000000000005,9.8,3.4,38.0,288.8,363.2,78.0,15.4,16.0,49.6,36.0,8.6,15.8,7.2,28.8,12.6,2.8,1.6923076923076923,0.3076923076923077,13
2025-12-04 15:00:00,Manchester United,West Ham United,1,1,D,2.0,1.6,1.6,54.7,15.0,6.0,42.0,403.6,488.2,82.0,18.0,24.0,52.6,52.0,8.8,16.8,9.6,22.0,9.0,1.6,1.6153846153846154,0.07692307692307693,13,1.8,1.8,1.4,41.32,10.2,4.0,34.0,280.4,360.2,76.0,18.4,18.0,56.8,36.0,9.6,14.6,8.4,32.2,10.6,1.8,0.8461538461538461,-0.9230769230769231,13
2025-12-06 07:30:00,Aston Villa,Arsenal,2,1,H,2.2,1.2,2.4,49.260000000000005,14.0,6.0,42.0,333.2,403.2,82.0,16.2,24.0,42.4,42.0,9.8,18.0,6.2,23.4,11.4,1.6,1.9285714285714286,0.42857142857142855,14,2.2,0.8,2.2,59.879999999999995,13.8,6.8,52.0,419.0,495.2,84.0,16.2,24.0,45.0,36.0,10.0,18.4,7.2,22.4,11.4,1.8,2.357142857142857,1.4285714285714286,14
2025-12-06 10:00:00,Tottenham Hotspur,Brentford,2,0,H,1.2,2.2,0.4,50.94,7.6,2.2,36.0,336.2,415.2,82.0,23.8,12.0,45.4,34.0,13.2,21.6,8.0,25.2,12.4,3.6,1.3571428571428572,0.35714285714285715,14,1.4,1.6,1.2,47.82000000000001,10.2,3.6,34.0,304.6,393.8,78.0,16.6,22.0,57.4,44.0,10.2,16.2,9.6,33.6,9.2,1.6,1.3571428571428572,-0.07142857142857142,14
2025-12-06 10:00:00,Newcastle United,Burnley,2,1,H,2.0,2.0,1.4,50.260000000000005,11.6,5.0,42.0,382.2,452.6,86.0,22.6,26.0,43.8,48.0,10.4,13.8,6.6,33.8,9.4,0.8,1.3571428571428572,0.07142857142857142,14,0.6,2.2,0.0,50.7,8.8,3.0,28.0,370.8,461.6,80.0,13.4,16.0,61.6,38.0,10.4,17.0,9.8,32.6,10.4,1.6,0.7142857142857143,-0.9285714285714286,14
2025-12-06 10:00:00,AFC Bournemouth,Chelsea,0,0,D,1.0,2.6,0.2,57.68000000000001,14.2,5.2,40.0,403.8,478.4,84.0,27.0,18.0,44.6,42.0,9.8,18.4,7.0,29.8,13.4,3.0,1.3571428571428572,-0.21428571428571427,14,1.6,0.8,2.0,56.279999999999994,15.0,5.6,36.0,431.0,504.8,84.0,17.4,22.0,47.8,46.0,9.2,14.6,9.0,23.6,11.4,1.6,1.7142857142857142,0.7142857142857143,14
2025-12-06 10:00:00,Everton,Nottingham Forest,3,0,H,1.2,1.0,2.0,42.67999999999999,9.6,2.6,28.0,307.6,386.4,78.0,18.2,18.0,51.0,40.0,8.4,14.4,7.2,31.4,10.0,1.4,1.5,-0.14285714285714285,14,1.8,1.0,2.0,42.86,15.0,4.4,32.0,286.8,364.2,78.0,24.0,24.0,60.4,42.0,13.0,22.0,7.2,25.6,10.0,1.0,1.0714285714285714,-0.5714285714285714,14
2025-12-06 10:00:00,Manchester City,Sunderland,3,0,H,3.0,1.8,2.4,53.67999999999999,15.0,6.2,40.0,442.8,511.4,86.0,17.2,36.0,38.2,52.0,7.4,12.4,9.2,22.6,10.8,2.4,2.0,1.1428571428571428,14,1.4,1.4,1.2,42.7,9.6,3.8,44.0,286.4,365.4,76.0,16.0,20.0,54.4,34.0,8.4,16.0,7.4,31.6,11.0,2.8,1.6428571428571428,0.2857142857142857,14
2025-12-06 12:30:00,Leeds United,Liverpool,3,3,D,1.4,2.4,0.6,43.96,11.0,3.8,36.0,313.2,386.6,80.0,18.0,22.0,53.0,38.0,12.6,20.0,8.8,24.2,11.4,1.8,1.0,-0.7142857142857143,14,1.0,1.4,1.4,60.71999999999999,15.2,3.6,28.0,475.2,544.0,90.0,22.4,16.0,38.8,50.0,8.2,11.6,5.8,22.0,12.6,1.8,1.5714285714285714,0.0,14
2025-12-07 09:00:00,Brighton & Hove Albion,West Ham United,1,1,D,2.0,1.0,2.0,55.260000000000005,13.6,5.6,42.0,425.8,503.8,84.0,15.6,28.0,46.4,44.0,12.4,21.0,7.4,21.6,10.4,2.2,1.5714285714285714,0.2857142857142857,14,1.8,1.6,1.6,36.54,10.6,4.0,34.0,236.6,314.6,74.0,17.0,20.0,59.2,36.0,10.0,15.2,11.6,37.6,10.2,1.6,0.8571428571428571,-0.8571428571428571,14
2025-12-07 11:30:00,Fulham,Crystal Palace,1,2,A,2.0,1.6,1.8,52.94,14.0,5.0,40.0,401.2,475.4,84.0,17.6,22.0,46.4,50.0,9.6,16.2,8.6,30.0,9.6,1.6,1.2142857142857142,-0.21428571428571427,14,1.2,0.4,2.0,43.260000000000005,9.4,3.0,42.0,273.4,366.8,72.0,15.8,26.0,55.2,36.0,10.8,16.8,10.8,35.8,9.6,1.4,1.6428571428571428,0.5,14
2025-12-08 15:00:00,Wolverhampton Wanderers,Manchester United,1,4,A,0.0,2.0,0.0,43.62,6.0,1.6,22.0,310.0,381.6,82.0,15.0,20.0,57.0,48.0,10.0,17.8,9.2,30.4,16.2,2.6,0.14285714285714285,-1.5714285714285714,14,1.4,1.4,1.2,58.96,15.8,5.0,32.0,420.6,509.2,82.0,22.4,26.0,50.8,52.0,9.0,16.4,7.8,22.4,10.8,1.6,1.5714285714285714,0.07142857142857142,14
2025-12-13 10:00:00,Chelsea,Everton,2,0,H,1.4,0.8,1.6,58.04,14.2,4.6,32.0,448.4,523.6,84.0,17.6,26.0,48.2,44.0,8.6,14.0,7.6,25.0,11.6,1.6,1.6666666666666667,0.6666666666666666,15,1.6,0.8,2.4,43.08,10.2,3.2,32.0,301.8,378.2,78.0,20.0,18.0,51.2,40.0,9.4,14.6,7.8,30.8,11.0,1.8,1.6,0.06666666666666667,15
2025-12-13 10:00:00,Liverpool,Brighton & Hove Albion,2,0,H,1.2,2.0,1.0,61.1,15.2,4.2,30.0,477.2,551.2,88.0,23.6,22.0,40.0,46.0,8.4,12.6,5.6,22.6,12.8,2.0,1.5333333333333334,0.0,15,1.6,1.2,1.6,58.919999999999995,15.2,5.0,36.0,442.6,522.8,84.0,21.4,30.0,43.8,48.0,10.8,18.6,8.6,21.4,10.8,2.6,1.5333333333333334,0.26666666666666666,15
2025-12-13 12:30:00,Burnley,Fulham,2,3,A,0.8,2.2,0.0,47.519999999999996,10.0,3.6,34.0,338.8,428.0,78.0,14.8,20.0,61.8,34.0,10.2,17.2,9.8,32.6,10.6,1.6,0.6666666666666666,-0.9333333333333333,15,1.6,2.0,1.2,52.9,12.6,4.6,40.0,417.0,493.6,84.0,17.2,24.0,48.4,50.0,10.6,17.4,9.4,30.2,8.0,1.4,1.1333333333333333,-0.26666666666666666,15
2025-12-13 15:00:00,Arsenal,Wolverhampton Wanderers,2,1,H,2.0,1.2,1.6,59.7,14.4,7.0,50.0,409.0,485.0,82.0,16.6,24.0,44.8,38.0,10.8,19.2,8.2,21.6,10.4,2.0,2.2,1.2666666666666666,15,0.2,2.2,0.0,43.62,6.6,1.6,20.0,303.0,377.2,80.0,16.8,18.0,55.2,46.0,10.0,19.6,9.8,29.0,16.8,2.6,0.13333333333333333,-1.6666666666666667,15
2025-12-14 09:00:00,West Ham United,Aston Villa,2,3,A,1.4,1.6,1.2,35.440000000000005,10.4,3.2,30.0,228.2,306.0,72.0,15.0,20.0,57.6,36.0,8.8,13.8,12.8,37.6,10.8,1.8,0.8666666666666667,-0.8,15,2.6,1.0,3.0,49.4,15.0,6.6,44.0,331.0,403.0,82.0,15.4,24.0,44.0,46.0,10.4,18.8,6.2,22.8,11.2,1.0,2.0,0.4666666666666667,15
2025-12-14 09:00:00,Crystal Palace,Manchester City,0,3,A,1.2,0.6,2.0,43.5,9.6,3.4,46.0,298.4,386.6,74.0,15.0,28.0,53.6,38.0,12.2,18.2,10.2,35.2,9.8,1.4,1.7333333333333334,0.5333333333333333,15,3.0,1.6,2.4,56.779999999999994,15.6,5.8,36.0,469.6,537.4,86.0,17.8,36.0,38.4,50.0,7.6,12.0,8.2,22.2,11.0,2.2,2.066666666666667,1.2666666666666666,15
2025-12-14 09:00:00,Sunderland,Newcastle United,1,0,H,1.2,1.8,1.0,37.78,7.8,3.4,42.0,252.0,329.0,76.0,14.4,16.0,52.2,32.0,9.0,17.2,8.0,33.0,11.0,2.2,1.5333333333333334,0.06666666666666667,15,2.2,1.6,2.0,51.64,12.6,5.6,44.0,399.6,465.8,86.0,22.2,24.0,44.8,50.0,12.4,16.0,5.0,35.4,9.2,0.8,1.4666666666666666,0.13333333333333333,15
2025-12-14 09:00:00,Nottingham Forest,Tottenham Hotspur,3,0,H,1.4,1.2,1.8,46.36,13.0,4.4,36.0,305.6,382.4,78.0,22.6,24.0,58.0,40.0,14.0,23.4,6.2,29.2,11.0,1.4,1.0,-0.7333333333333333,15,1.6,2.0,1.0,52.02,10.0,3.4,40.0,343.2,417.8,82.0,25.8,16.0,46.6,38.0,11.4,19.0,9.4,27.0,11.2,3.4,1.4666666666666666,0.4666666666666667,15
2025-12-14 11:30:00,Brentford,Leeds United,1,1,D,1.4,1.6,1.2,44.3,9.8,3.4,34.0,282.4,366.2,78.0,16.8,22.0,52.2,44.0,11.2,17.8,10.2,32.8,8.8,1.8,1.2666666666666666,-0.2,15,2.0,2.4,0.8,42.86,12.4,4.4,36.0,292.8,369.8,78.0,17.0,24.0,53.6,34.0,12.2,19.4,9.6,24.2,12.8,2.2,1.0,-0.6666666666666666,15
2025-12-15 15:00:00,Manchester United,AFC Bournemouth,4,4,D,1.8,1.2,1.6,59.86,17.6,5.6,32.0,423.8,512.4,82.0,22.6,22.0,48.0,50.0,8.8,17.2,7.2,23.4,11.8,1.8,1.6666666666666667,0.26666666666666666,15,0.8,2.0,0.4,55.17999999999999,15.2,5.2,36.0,358.0,440.0,80.0,25.2,18.0,49.2,38.0,10.2,17.2,8.8,29.0,14.2,2.6,1.3333333333333333,-0.2,15
2025-12-20 07:30:00,Newcastle United,Chelsea,2,2,D,2.0,1.2,2.0,52.080000000000005,12.8,5.8,46.0,402.6,466.6,86.0,24.4,24.0,47.2,50.0,12.0,15.6,4.6,34.8,8.6,1.4,1.375,0.0625,16,1.2,0.8,1.6,56.760000000000005,13.6,4.0,30.0,434.4,508.2,84.0,14.4,28.0,48.2,42.0,8.6,15.2,8.4,28.4,11.8,1.6,1.75,0.75,16
2025-12-20 10:00:00,Manchester City,West Ham United,3,0,H,3.0,1.6,2.4,59.260000000000005,14.2,5.8,46.0,497.4,566.6,88.0,17.4,34.0,41.0,50.0,6.4,11.4,8.0,25.4,9.4,1.8,2.125,1.375,16,1.2,1.8,0.6,35.1,9.4,2.6,28.0,231.4,308.4,72.0,14.0,16.0,54.4,34.0,8.8,14.4,12.0,34.4,11.4,1.6,0.8125,-0.8125,16
2025-12-20 10:00:00,Brighton & Hove Albion,Sunderland,0,0,D,1.6,1.6,1.4,57.6,16.6,4.6,30.0,452.0,527.4,86.0,19.8,30.0,44.8,48.0,10.0,18.0,9.0,18.2,11.4,2.2,1.4375,0.125,16,1.0,1.4,1.4,40.059999999999995,7.6,3.2,40.0,267.2,350.4,76.0,15.0,18.0,56.2,32.0,8.8,16.0,9.0,31.0,10.4,2.8,1.625,0.125,16
2025-12-20 10:00:00,Wolverhampton Wanderers,Brentford,0,2,A,0.4,2.0,0.0,42.599999999999994,6.6,2.0,34.0,283.2,360.2,78.0,16.6,26.0,56.2,42.0,10.4,19.2,8.4,33.8,17.0,3.0,0.125,-1.625,16,1.0,1.6,0.8,45.92,8.2,2.4,30.0,298.8,381.0,78.0,17.2,18.0,55.4,42.0,10.6,16.8,9.8,38.4,8.4,1.4,1.25,-0.1875,16
2025-12-20 10:00:00,AFC Bournemouth,Burnley,1,1,D,1.6,2.0,0.6,54.220000000000006,15.6,6.4,42.0,347.8,436.8,78.0,24.4,20.0,52.6,36.0,10.0,16.8,8.2,27.8,12.6,2.8,1.3125,-0.1875,16,0.8,2.2,0.0,46.6,10.0,3.8,36.0,339.6,431.8,76.0,15.6,20.0,61.4,36.0,9.8,16.6,10.2,29.0,9.6,1.4,0.625,-0.9375,16
2025-12-20 12:30:00,Tottenham Hotspur,Liverpool,1,2,A,1.2,2.2,0.8,51.46,9.2,2.8,36.0,333.2,409.0,82.0,23.8,16.0,46.6,40.0,12.4,19.8,10.2,27.0,11.8,3.0,1.375,0.25,16,1.6,1.4,1.6,60.56,17.4,4.8,32.0,484.8,560.8,88.0,21.0,28.0,44.0,46.0,9.4,15.4,5.4,26.2,11.4,1.4,1.625,0.125,16
2025-12-20 15:00:00,Everton,Arsenal,0,1,A,1.2,1.2,1.8,41.52,9.6,2.6,28.0,294.6,371.6,78.0,20.2,16.0,53.4,42.0,9.0,16.0,8.6,28.6,11.0,1.4,1.5,-0.0625,16,2.0,1.0,2.0,60.58,14.2,6.0,44.0,417.0,493.6,82.0,18.2,24.0,43.2,40.0,10.6,17.8,9.2,20.8,9.2,1.8,2.25,1.25,16
2025-12-20 15:00:00,Leeds United,Crystal Palace,4,1,H,2.0,2.0,1.0,40.58,14.0,4.6,34.0,276.4,355.0,78.0,19.0,26.0,53.0,34.0,11.8,19.4,9.2,27.2,12.4,2.0,1.0,-0.625,16,1.2,1.2,1.8,42.879999999999995,10.8,3.8,48.0,300.8,387.0,76.0,15.6,20.0,53.4,40.0,12.8,18.6,8.6,32.8,9.6,1.6,1.625,0.3125,16
2025-12-21 11:30:00,Aston Villa,Manchester United,2,1,H,2.4,1.4,3.0,50.86,13.2,5.8,46.0,377.4,447.0,84.0,14.4,26.0,43.2,50.0,11.4,19.2,6.2,21.0,12.2,1.0,2.0625,0.5,16,2.2,1.6,1.6,62.160000000000004,21.6,7.0,32.0,424.8,511.8,82.0,24.4,22.0,45.2,48.0,8.8,16.2,6.6,28.2,13.2,2.0,1.625,0.25,16
2025-12-22 15:00:00,Fulham,Nottingham Forest,1,0,H,2.2,2.0,1.8,52.36,12.2,4.6,44.0,428.0,507.2,84.0,17.4,28.0,49.0,48.0,10.6,18.4,9.2,31.0,6.8,1.4,1.25,-0.1875,16,1.4,1.0,1.8,46.839999999999996,13.2,4.4,36.0,314.2,391.2,78.0,20.4,26.0,55.6,42.0,12.4,21.4,7.4,28.4,10.8,1.2,1.125,-0.5,16
2025-12-26 15:00:00,Manchester United,Newcastle United,1,0,H,2.4,1.8,1.6,59.660000000000004,19.6,7.0,36.0,392.4,476.8,82.0,22.0,22.0,47.8,46.0,10.2,18.6,6.8,28.6,13.6,2.0,1.5294117647058822,0.17647058823529413,17,2.0,1.4,1.6,54.8,13.2,5.8,44.0,414.2,481.8,86.0,27.2,22.0,44.6,50.0,11.4,14.8,6.0,31.4,8.6,1.8,1.3529411764705883,0.058823529411764705,17
2025-12-27 07:30:00,Nottingham Forest,Manchester City,1,2,A,0.8,1.2,1.2,51.8,12.6,3.4,30.0,367.4,446.2,82.0,22.0,24.0,57.2,42.0,10.0,18.0,7.6,22.4,11.0,2.0,1.0588235294117647,-0.5294117647058824,17,3.4,1.2,3.0,59.1,14.2,6.6,52.0,531.0,599.8,88.0,16.4,36.0,41.0,54.0,6.0,11.2,7.8,24.2,11.0,1.4,2.176470588235294,1.4705882352941178,17
2025-12-27 10:00:00,Burnley,Everton,0,0,D,1.0,2.0,0.2,44.64,9.2,3.6,36.0,309.4,402.0,74.0,15.8,24.0,64.0,38.0,10.4,16.4,9.8,31.0,9.2,1.2,0.6470588235294118,-0.8823529411764706,17,1.0,1.4,1.2,42.42,10.0,2.6,26.0,306.6,383.2,78.0,21.2,16.0,52.6,40.0,11.0,20.0,8.0,24.0,10.0,1.8,1.411764705882353,-0.11764705882352941,17
2025-12-27 10:00:00,Liverpool,Wolverhampton Wanderers,2,1,H,2.0,1.0,2.2,58.67999999999999,14.8,4.8,38.0,481.4,557.8,88.0,17.8,28.0,46.2,44.0,8.2,13.2,6.0,27.2,10.6,1.6,1.7058823529411764,0.17647058823529413,17,0.4,2.0,0.0,41.660000000000004,6.8,2.2,36.0,273.4,350.2,78.0,18.2,28.0,54.6,40.0,10.2,18.2,8.6,32.4,16.8,3.0,0.11764705882352941,-1.6470588235294117,17
2025-12-27 10:00:00,West Ham United,Fulham,0,1,A,0.8,2.0,0.4,37.1,9.8,2.8,28.0,271.2,346.2,76.0,13.0,32.0,49.8,36.0,9.8,16.6,12.6,25.6,11.4,1.4,0.7647058823529411,-0.9411764705882353,17,2.2,2.0,1.8,50.92,9.6,3.6,40.0,424.8,509.2,84.0,13.6,34.0,53.0,46.0,11.8,20.4,10.0,31.2,6.8,1.8,1.3529411764705883,-0.11764705882352941,17
2025-12-27 10:00:00,Arsenal,Brighton & Hove Albion,2,1,H,1.4,0.8,2.0,62.17999999999999,13.4,4.8,38.0,459.0,534.8,84.0,17.6,22.0,43.4,40.0,9.2,16.0,8.4,23.8,8.0,2.0,2.2941176470588234,1.2352941176470589,17,1.2,1.4,1.0,56.120000000000005,17.0,4.4,28.0,429.0,500.4,86.0,20.4,34.0,44.2,48.0,9.6,15.8,8.8,20.4,11.6,1.8,1.411764705882353,0.11764705882352941,17
2025-12-27 10:00:00,Brentford,AFC Bournemouth,4,1,H,1.2,1.2,1.4,50.12,7.6,2.8,40.0,332.0,414.4,80.0,18.8,24.0,55.0,42.0,10.2,15.2,10.4,39.8,9.6,1.8,1.3529411764705883,-0.058823529411764705,17,1.4,1.8,0.6,52.1,13.2,4.6,36.0,323.2,414.8,76.0,18.0,20.0,57.0,34.0,11.0,17.2,8.4,31.8,13.0,2.4,1.2941176470588236,-0.17647058823529413,17
2025-12-27 12:30:00,Chelsea,Aston Villa,1,2,A,1.2,1.2,1.2,56.279999999999994,13.2,3.8,30.0,416.8,490.0,84.0,15.0,28.0,50.0,40.0,8.6,14.4,8.6,29.4,13.0,2.2,1.7058823529411764,0.7058823529411765,17,2.4,1.4,3.0,48.96,12.8,6.0,48.0,362.0,427.4,84.0,13.6,20.0,43.0,48.0,11.8,18.8,6.2,21.8,11.2,1.0,2.1176470588235294,0.5294117647058824,17
2025-12-28 09:00:00,Sunderland,Leeds United,1,1,D,1.0,1.2,1.6,40.08,9.6,4.0,38.0,258.4,342.6,76.0,15.0,24.0,58.0,34.0,10.0,16.8,9.0,30.4,10.8,2.6,1.588235294117647,0.11764705882352941,17,2.6,1.8,1.6,41.56,15.2,5.2,34.0,274.0,355.0,78.0,18.2,28.0,53.0,34.0,10.8,17.2,8.2,28.8,9.8,1.2,1.1176470588235294,-0.4117647058823529,17
2025-12-28 11:30:00,Crystal Palace,Tottenham Hotspur,0,1,A,1.0,2.0,1.2,41.9,10.6,3.6,46.0,284.8,372.0,76.0,14.2,22.0,52.4,36.0,13.2,19.2,7.8,38.4,9.8,1.6,1.5294117647058822,0.11764705882352941,17,1.2,1.8,0.8,49.92,11.6,3.2,28.0,332.4,407.4,82.0,26.4,20.0,46.2,40.0,11.4,17.8,10.0,26.8,10.6,3.0,1.2941176470588236,0.17647058823529413,17
2025-12-30 14:30:00,Burnley,Newcastle United,1,3,A,0.8,1.4,0.4,45.88,11.2,3.2,30.0,328.6,419.4,76.0,16.0,24.0,60.6,40.0,9.2,15.6,9.2,31.4,9.4,0.8,0.6666666666666666,-0.8333333333333334,18,1.2,1.4,1.0,57.9,13.8,4.8,36.0,426.8,496.6,86.0,33.0,18.0,44.6,48.0,9.6,14.4,6.6,28.0,8.4,2.0,1.2777777777777777,0.0,18
2025-12-30 14:30:00,Nottingham Forest,Everton,0,2,A,1.0,1.2,1.2,48.22,10.2,3.2,32.0,329.4,406.4,80.0,19.8,24.0,58.8,42.0,9.6,16.6,7.8,23.0,9.8,2.2,1.0,-0.5555555555555556,18,0.8,0.6,1.4,41.839999999999996,11.0,3.4,30.0,276.4,358.0,76.0,19.8,14.0,55.2,34.0,11.4,21.2,8.4,29.8,10.8,2.2,1.3888888888888888,-0.1111111111111111,18
2025-12-30 14:30:00,West Ham United,Brighton & Hove Albion,2,2,D,0.8,1.8,0.4,37.2,10.6,3.2,32.0,276.6,351.0,76.0,11.6,32.0,50.8,38.0,11.4,19.8,12.6,26.4,10.6,1.4,0.7222222222222222,-0.9444444444444444,18,1.0,1.8,0.4,55.959999999999994,15.2,3.8,28.0,417.8,486.6,86.0,21.4,28.0,41.4,50.0,9.6,15.2,7.2,18.6,12.2,2.2,1.3333333333333333,0.05555555555555555,18
2025-12-30 14:30:00,Chelsea,AFC Bournemouth,2,2,D,1.2,1.4,1.0,61.2,13.8,3.6,26.0,466.2,539.8,86.0,17.8,24.0,46.8,44.0,11.2,17.0,9.2,24.6,13.8,3.0,1.6111111111111112,0.6111111111111112,18,1.2,2.0,0.6,50.739999999999995,13.6,5.4,40.0,306.0,397.4,76.0,21.0,18.0,55.2,34.0,11.6,17.0,8.0,33.0,12.0,1.8,1.2222222222222223,-0.3333333333333333,18
2025-12-30 15:15:00,Arsenal,Aston Villa,4,1,H,1.6,0.8,2.4,60.38000000000001,16.6,5.2,34.0,456.2,532.2,84.0,18.4,22.0,44.6,40.0,8.6,15.8,8.2,23.6,6.8,1.2,2.3333333333333335,1.2222222222222223,18,2.6,1.6,3.0,45.94,11.8,6.4,54.0,333.2,399.4,82.0,11.0,18.0,45.6,48.0,10.4,17.2,6.2,22.2,10.2,1.6,2.1666666666666665,0.5555555555555556,18
2025-12-30 15:15:00,Manchester United,Wolverhampton Wanderers,1,1,D,2.2,1.6,1.6,55.1,18.8,6.6,36.0,372.4,453.8,82.0,20.0,26.0,45.0,42.0,10.6,19.4,8.4,31.4,12.6,2.0,1.6111111111111112,0.2222222222222222,18,0.6,2.2,0.0,38.78,6.8,2.2,36.0,250.0,331.0,76.0,17.6,24.0,56.2,36.0,10.0,17.0,9.0,31.6,15.2,2.4,0.1111111111111111,-1.6111111111111112,18
2026-01-01 12:30:00,Crystal Palace,Fulham,1,1,D,0.8,1.8,1.2,45.5,10.8,3.4,44.0,322.2,413.0,78.0,16.2,20.0,52.2,38.0,13.6,19.6,7.8,34.2,8.4,1.6,1.4444444444444444,0.05555555555555555,18,2.0,1.8,1.8,54.58,11.6,4.0,38.0,464.4,546.8,86.0,17.2,38.0,49.6,48.0,9.6,17.8,10.6,28.6,7.0,2.0,1.4444444444444444,-0.05555555555555555,18
2026-01-01 12:30:00,Liverpool,Leeds United,0,0,D,2.0,1.2,2.2,60.760000000000005,15.8,4.6,32.0,508.6,586.8,88.0,20.0,32.0,47.2,42.0,10.0,14.8,7.0,25.6,8.8,1.6,1.7777777777777777,0.2222222222222222,18,2.4,1.4,1.8,45.26,16.8,5.6,34.0,307.6,388.0,78.0,20.8,30.0,51.8,34.0,9.6,14.8,7.8,28.6,9.4,1.0,1.1111111111111112,-0.3888888888888889,18
2026-01-01 15:00:00,Brentford,Tottenham Hotspur,0,0,D,1.4,1.2,1.4,49.56,7.8,3.4,44.0,330.0,412.2,80.0,15.6,26.0,59.4,42.0,10.0,15.8,10.2,39.8,10.0,2.2,1.4444444444444444,0.1111111111111111,18,1.2,1.4,1.4,45.019999999999996,10.4,3.6,36.0,291.8,374.0,78.0,21.0,22.0,51.8,38.0,12.0,19.0,8.6,33.2,9.4,2.8,1.3888888888888888,0.2222222222222222,18
2026-01-01 15:00:00,Sunderland,Manchester City,0,0,D,0.6,1.0,1.2,40.22,8.8,3.4,36.0,274.8,354.4,78.0,13.4,22.0,57.2,38.0,10.0,16.8,8.4,33.6,9.4,1.8,1.5555555555555556,0.1111111111111111,18,3.2,1.0,3.0,59.96,13.8,5.8,48.0,539.2,606.6,88.0,14.8,34.0,39.0,52.0,7.2,12.8,8.2,26.6,10.2,1.0,2.2222222222222223,1.4444444444444444,18
2026-01-03 07:30:00,Aston Villa,Nottingham Forest,3,1,H,2.0,1.8,2.4,47.96,11.2,5.0,46.0,345.6,410.2,84.0,10.4,14.0,45.6,52.0,8.4,14.6,5.2,20.6,10.2,1.8,2.0526315789473686,0.3684210526315789,19,0.8,1.6,0.6,52.120000000000005,12.4,3.8,32.0,382.6,456.2,82.0,26.0,20.0,52.4,46.0,11.0,17.4,7.8,21.6,9.8,2.0,0.9473684210526315,-0.631578947368421,19
2026-01-03 10:00:00,Wolverhampton Wanderers,West Ham United,3,0,H,0.8,2.2,0.2,37.6,8.0,2.8,40.0,251.2,327.4,76.0,16.8,26.0,52.8,36.0,9.0,17.2,9.0,33.4,13.8,2.4,0.15789473684210525,-1.5263157894736843,19,1.0,2.0,0.4,37.88,10.4,3.4,34.0,284.4,358.6,76.0,11.6,30.0,51.6,40.0,12.6,22.2,10.4,24.0,11.0,1.6,0.7368421052631579,-0.8947368421052632,19
2026-01-03 10:00:00,Brighton & Hove Albion,Burnley,2,0,H,0.8,1.4,0.6,56.98,15.2,3.6,28.0,430.2,500.2,86.0,22.2,24.0,41.0,54.0,9.0,13.2,8.6,20.2,13.8,2.8,1.3157894736842106,0.05263157894736842,19,1.0,1.8,0.4,43.980000000000004,12.0,3.2,28.0,303.6,393.8,76.0,14.6,20.0,58.8,38.0,10.6,17.2,8.2,28.4,9.4,1.2,0.631578947368421,-0.8947368421052632,19
2026-01-03 12:30:00,AFC Bournemouth,Arsenal,2,3,A,1.6,2.2,0.8,46.32,16.0,6.2,40.0,265.0,356.0,74.0,20.8,18.0,56.8,34.0,12.0,17.2,10.8,30.2,11.6,1.4,1.2105263157894737,-0.3157894736842105,19,2.0,1.0,2.4,57.260000000000005,18.0,5.2,30.0,425.4,494.0,86.0,17.8,28.0,39.2,42.0,7.2,14.0,8.6,22.0,9.0,1.6,2.3684210526315788,1.3157894736842106,19
2026-01-04 07:30:00,Leeds United,Manchester United,1,1,D,1.8,1.2,1.4,45.82,14.2,5.0,38.0,309.2,394.2,78.0,19.2,30.0,52.0,34.0,8.6,14.2,8.2,29.6,9.0,1.2,1.105263157894737,-0.3684210526315789,19,2.2,1.6,1.6,53.339999999999996,18.4,7.0,40.0,373.2,445.6,84.0,18.2,28.0,44.4,44.0,10.6,19.8,8.2,31.2,11.8,1.6,1.5789473684210527,0.21052631578947367,19
2026-01-04 10:00:00,Everton,Brentford,2,4,A,1.0,0.6,1.4,38.879999999999995,10.6,3.4,32.0,264.8,342.6,76.0,16.0,18.0,58.2,36.0,11.4,22.2,9.4,35.6,9.8,1.6,1.4736842105263157,0.0,19,1.4,0.8,1.6,53.11999999999999,8.0,3.6,46.0,364.2,448.6,80.0,17.2,24.0,58.0,42.0,10.0,15.6,10.0,37.0,9.8,2.2,1.4210526315789473,0.10526315789473684,19
2026-01-04 10:00:00,Newcastle United,Crystal Palace,2,0,H,1.4,1.2,1.4,57.61999999999999,14.0,5.2,38.0,429.2,502.0,84.0,28.8,16.0,47.4,48.0,9.0,14.6,7.0,29.6,8.0,2.2,1.368421052631579,0.10526315789473684,19,0.8,2.0,0.8,45.02,12.4,3.2,28.0,320.2,407.2,80.0,16.4,12.0,53.2,38.0,12.8,19.0,7.4,31.6,8.2,1.6,1.4210526315789473,0.05263157894736842,19
2026-01-04 10:00:00,Tottenham Hotspur,Sunderland,1,1,D,0.8,1.0,1.4,44.5,10.6,3.8,36.0,294.0,378.8,78.0,17.6,20.0,56.6,40.0,12.0,19.2,9.0,32.4,9.0,2.6,1.368421052631579,0.21052631578947367,19,0.4,0.8,1.2,40.28,9.0,3.0,30.0,275.4,354.4,78.0,12.8,22.0,53.0,40.0,11.6,17.4,10.0,30.4,10.2,1.8,1.5263157894736843,0.10526315789473684,19
2026-01-04 10:15:00,Fulham,Liverpool,2,2,D,1.4,1.0,2.0,55.14,12.6,3.8,34.0,457.2,541.6,86.0,16.8,42.0,52.8,46.0,9.2,17.4,10.2,31.8,7.2,3.0,1.4210526315789473,-0.05263157894736842,19,1.8,1.0,2.2,60.82000000000001,15.0,4.6,32.0,507.6,586.4,88.0,18.2,32.0,47.0,42.0,8.8,14.0,7.0,24.6,8.8,1.4,1.736842105263158,0.21052631578947367,19
2026-01-04 12:30:00,Manchester City,Chelsea,1,1,D,2.2,0.2,2.6,64.94,14.4,5.8,46.0,570.4,641.2,90.0,17.6,28.0,38.8,50.0,9.2,14.2,7.4,25.4,10.0,1.0,2.1578947368421053,1.368421052631579,19,1.4,1.2,1.2,60.42,14.4,3.8,28.0,441.2,516.0,86.0,19.0,24.0,49.0,46.0,10.8,17.2,10.2,23.4,12.2,3.0,1.5789473684210527,0.5789473684210527,19
2026-01-06 15:00:00,West Ham United,Nottingham Forest,1,2,A,0.8,2.4,0.2,44.94,8.8,2.4,26.0,353.0,428.0,80.0,15.0,30.0,49.2,46.0,14.6,24.8,9.0,18.8,11.4,1.2,0.7,-1.0,20,1.0,1.6,0.6,45.839999999999996,13.0,4.2,34.0,345.2,415.8,80.0,24.2,16.0,52.0,48.0,9.6,16.4,9.4,20.2,10.8,1.8,0.9,-0.7,20
2026-01-07 14:30:00,Everton,Wolverhampton Wanderers,1,1,D,0.8,1.4,0.8,39.7,11.2,3.6,30.0,274.4,354.2,76.0,17.8,22.0,59.2,40.0,12.2,24.0,8.6,31.6,8.2,0.8,1.4,-0.1,20,1.2,1.4,0.8,36.82,8.6,4.0,48.0,256.4,328.8,78.0,15.0,28.0,48.2,34.0,9.0,16.6,8.2,35.4,12.6,2.0,0.3,-1.3,20
2026-01-07 14:30:00,AFC Bournemouth,Tottenham Hotspur,3,2,H,2.0,2.8,0.6,47.1,16.4,5.8,36.0,270.4,358.0,76.0,23.0,20.0,54.4,34.0,12.0,17.0,8.8,33.0,11.2,2.0,1.15,-0.35,20,0.6,1.2,1.0,43.58,10.2,3.4,34.0,285.0,371.0,78.0,17.0,22.0,56.2,40.0,12.4,18.8,8.4,33.2,9.2,2.4,1.35,0.2,20
2026-01-07 14:30:00,Brentford,Sunderland,3,0,H,2.2,0.8,2.2,54.7,9.4,4.8,52.0,379.0,468.6,80.0,16.0,32.0,64.4,40.0,8.4,14.0,10.6,35.0,9.6,1.8,1.5,0.2,20,0.6,0.4,1.4,43.32,9.4,3.4,34.0,278.8,361.4,78.0,14.4,24.0,53.2,40.0,11.6,16.8,10.2,30.2,9.4,2.4,1.5,0.1,20
2026-01-07 14:30:00,Fulham,Chelsea,2,1,H,1.6,1.0,2.2,50.9,11.8,3.4,34.0,423.2,506.0,84.0,15.6,36.0,51.8,42.0,9.6,18.0,10.6,35.2,8.4,3.2,1.4,-0.05,20,1.6,1.4,1.2,56.779999999999994,13.8,3.6,28.0,427.8,499.4,86.0,17.0,26.0,45.0,46.0,11.0,17.8,11.0,22.8,12.4,3.2,1.55,0.55,20
2026-01-07 14:30:00,Manchester City,Brighton & Hove Albion,1,1,D,1.8,0.4,2.2,63.620000000000005,13.6,5.2,44.0,559.4,632.6,90.0,16.8,28.0,39.0,54.0,11.2,17.4,8.4,22.4,10.6,1.4,2.1,1.3,20,1.0,1.2,1.0,55.339999999999996,13.8,3.6,30.0,436.4,504.6,86.0,16.6,26.0,42.2,50.0,9.6,14.2,8.0,22.6,12.8,2.4,1.4,0.15,20
2026-01-07 14:30:00,Crystal Palace,Aston Villa,0,0,D,0.4,2.2,0.2,45.760000000000005,12.4,2.4,20.0,307.4,402.6,78.0,16.8,10.0,52.4,36.0,12.2,20.6,7.8,35.0,9.0,2.2,1.35,-0.05,20,2.2,1.8,2.4,53.04,10.4,4.6,46.0,396.4,459.8,86.0,10.8,14.0,40.4,50.0,8.2,15.2,6.2,18.4,10.2,2.0,2.1,0.45,20
2026-01-07 15:15:00,Newcastle United,Leeds United,4,3,H,1.4,1.0,1.4,55.6,13.0,5.2,42.0,400.0,478.6,82.0,30.0,20.0,48.0,46.0,7.8,14.0,8.2,31.2,7.2,2.0,1.45,0.2,20,1.4,0.8,1.4,45.96,14.0,4.6,36.0,307.4,398.8,76.0,20.4,28.0,54.2,34.0,9.4,16.0,9.6,30.4,8.0,0.6,1.1,-0.35,20
2026-01-07 15:15:00,Burnley,Manchester United,2,2,D,0.8,1.8,0.4,45.9,11.2,3.2,34.0,331.0,421.2,78.0,13.8,16.0,55.6,42.0,11.6,19.2,7.4,27.0,10.6,1.6,0.6,-0.95,20,1.6,1.6,1.2,51.6,16.0,5.4,34.0,365.4,443.2,84.0,17.4,28.0,47.4,44.0,11.8,21.6,8.4,33.4,11.2,1.4,1.55,0.2,20
2026-01-08 15:00:00,Arsenal,Liverpool,0,0,D,2.4,1.0,3.0,58.120000000000005,17.4,4.4,26.0,423.8,497.8,86.0,18.6,26.0,41.0,42.0,7.2,15.0,7.8,23.2,9.0,1.4,2.4,1.3,20,1.6,0.8,2.2,61.379999999999995,13.8,3.6,28.0,536.6,613.6,90.0,19.4,24.0,47.2,46.0,8.0,12.0,7.0,23.8,6.8,1.0,1.7,0.2,20
2026-01-17 07:30:00,Manchester United,Manchester City,2,0,H,1.2,1.2,1.2,53.36,17.0,5.6,32.0,407.2,483.2,86.0,18.4,28.0,44.8,46.0,13.4,22.2,9.0,26.6,9.8,1.0,1.5238095238095237,0.19047619047619047,21,1.4,0.6,1.8,63.5,16.4,5.2,32.0,562.2,634.6,90.0,17.6,32.0,38.8,54.0,12.2,17.4,10.6,16.0,10.6,1.6,2.0476190476190474,1.2380952380952381,21
2026-01-17 10:00:00,Sunderland,Crystal Palace,2,1,H,0.4,1.0,0.8,43.9,10.6,3.8,36.0,281.2,360.4,78.0,14.2,26.0,52.2,42.0,11.4,16.2,10.0,29.6,10.0,1.6,1.4285714285714286,-0.047619047619047616,21,0.4,1.6,0.4,46.12,11.4,2.6,24.0,310.0,401.4,78.0,16.2,14.0,50.0,34.0,10.0,20.0,7.4,37.2,8.8,2.2,1.3333333333333333,-0.047619047619047616,21
2026-01-17 10:00:00,Liverpool,Burnley,1,1,D,1.2,0.8,1.8,62.1,11.8,2.8,24.0,537.6,611.6,90.0,20.2,16.0,44.8,44.0,7.0,9.6,7.0,22.2,7.0,1.2,1.6666666666666667,0.19047619047619047,21,0.8,1.6,0.6,42.260000000000005,9.4,1.8,26.0,290.2,377.0,78.0,11.8,12.0,57.0,40.0,11.8,19.8,7.0,30.0,10.8,1.8,0.6190476190476191,-0.9047619047619048,21
2026-01-17 10:00:00,Chelsea,Brentford,2,0,H,1.4,1.8,0.6,54.239999999999995,13.2,3.8,30.0,411.6,483.8,86.0,19.4,24.0,47.8,46.0,11.2,17.4,10.4,22.4,11.0,3.6,1.4761904761904763,0.47619047619047616,21,2.6,0.6,2.6,53.419999999999995,11.6,5.6,52.0,364.0,447.6,80.0,16.8,34.0,62.0,42.0,7.2,13.2,10.6,30.6,10.6,2.2,1.5714285714285714,0.3333333333333333,21
2026-01-17 10:00:00,Tottenham Hotspur,West Ham United,1,2,A,1.0,1.2,1.0,44.74,12.2,4.0,36.0,285.2,373.8,78.0,17.4,22.0,59.8,40.0,11.6,17.6,7.2,32.8,8.6,2.4,1.2857142857142858,0.14285714285714285,21,0.6,2.2,0.2,46.2,9.6,2.4,24.0,346.2,426.6,80.0,16.2,32.0,54.0,44.0,16.4,27.0,8.6,22.6,10.8,1.6,0.6666666666666666,-1.0,21
2026-01-17 10:00:00,Leeds United,Fulham,1,0,H,1.8,1.4,1.2,44.839999999999996,13.2,5.0,40.0,304.4,393.4,76.0,18.2,28.0,54.6,36.0,9.2,16.4,11.4,28.4,8.2,1.0,1.0476190476190477,-0.38095238095238093,21,1.4,0.8,2.2,52.46,13.8,3.6,26.0,445.2,524.6,86.0,16.4,34.0,49.8,46.0,9.2,16.8,10.0,33.2,9.0,3.4,1.4761904761904763,0.0,21
2026-01-17 12:30:00,Nottingham Forest,Arsenal,0,0,D,0.8,1.8,0.6,46.82000000000001,12.6,4.0,34.0,348.6,421.0,80.0,26.8,14.0,53.4,46.0,9.6,16.0,8.2,22.0,10.8,1.6,1.0,-0.6190476190476191,21,2.0,0.8,2.6,53.8,16.0,4.8,32.0,403.0,475.2,86.0,15.6,26.0,42.2,42.0,7.8,16.2,7.6,22.0,9.6,1.8,2.3333333333333335,1.2380952380952381,21
2026-01-18 09:00:00,Wolverhampton Wanderers,Newcastle United,0,0,D,1.2,1.2,1.0,41.58,10.6,4.4,40.0,293.8,363.4,80.0,19.4,22.0,46.0,38.0,9.8,18.2,8.2,29.4,12.6,1.8,0.3333333333333333,-1.2380952380952381,21,2.2,1.4,2.0,57.42,15.4,6.4,44.0,418.8,498.8,84.0,31.8,24.0,45.0,46.0,9.0,15.2,9.4,27.0,7.4,1.8,1.5238095238095237,0.23809523809523808,21
2026-01-18 11:30:00,Aston Villa,Everton,0,1,A,1.6,1.4,2.0,53.04,12.0,4.4,38.0,389.8,454.0,86.0,11.8,14.0,38.6,48.0,6.4,13.6,6.8,20.0,8.2,1.6,2.0476190476190474,0.42857142857142855,21,1.0,1.2,1.0,40.32,11.6,3.6,30.0,272.4,352.4,76.0,17.0,24.0,55.2,38.0,12.2,23.0,8.2,37.6,8.6,1.0,1.380952380952381,-0.09523809523809523,21
2026-01-19 15:00:00,Brighton & Hove Albion,AFC Bournemouth,1,1,D,1.2,1.0,1.2,53.04,12.2,4.0,38.0,405.0,479.2,84.0,14.8,28.0,42.6,46.0,10.6,16.0,10.8,26.2,13.0,3.2,1.380952380952381,0.14285714285714285,21,1.8,2.4,1.0,46.839999999999996,15.8,4.6,30.0,278.0,362.2,76.0,22.0,22.0,52.4,32.0,12.0,17.6,9.2,34.2,12.6,2.0,1.2380952380952381,-0.2857142857142857,21
2026-01-24 07:30:00,West Ham United,Sunderland,3,1,H,1.0,1.8,0.8,47.1,11.6,2.6,20.0,329.4,409.6,80.0,20.0,18.0,54.6,46.0,15.8,27.2,10.0,28.6,12.2,2.0,0.7727272727272727,-0.9090909090909091,22,0.8,1.2,1.2,46.72,10.4,4.0,38.0,303.2,384.8,78.0,15.0,26.0,52.0,42.0,10.6,14.2,10.4,32.2,8.6,1.8,1.5,0.0,22
2026-01-24 10:00:00,Manchester City,Wolverhampton Wanderers,2,0,H,0.8,1.0,1.2,63.9,14.4,3.8,24.0,539.8,613.8,90.0,17.4,28.0,38.0,50.0,13.0,17.6,10.6,18.0,9.0,2.0,1.9545454545454546,1.0909090909090908,22,1.2,0.8,1.2,39.54,10.0,4.4,42.0,284.6,352.4,80.0,18.4,22.0,46.8,36.0,9.8,17.2,8.0,27.6,13.0,1.8,0.36363636363636365,-1.1818181818181819,22
2026-01-24 10:00:00,Fulham,Brighton & Hove Albion,2,1,H,1.2,1.0,1.6,53.260000000000005,13.2,3.6,26.0,443.6,521.0,86.0,16.6,24.0,47.6,46.0,8.0,15.8,10.0,33.6,10.2,3.4,1.4090909090909092,-0.045454545454545456,22,1.4,1.2,1.2,55.05999999999999,12.4,4.2,38.0,430.2,507.0,84.0,15.2,24.0,42.2,50.0,11.0,17.8,9.8,25.0,12.2,3.2,1.3636363636363635,0.13636363636363635,22
2026-01-24 10:00:00,Burnley,Tottenham Hotspur,2,2,D,0.8,1.6,0.6,40.800000000000004,10.0,1.8,22.0,292.8,378.2,78.0,11.6,6.0,54.2,36.0,11.2,20.6,6.8,30.6,10.6,2.0,0.6363636363636364,-0.8636363636363636,22,1.0,1.2,1.0,50.1,13.4,4.4,36.0,316.2,405.6,78.0,22.0,22.0,56.4,46.0,13.2,19.2,7.2,29.2,9.2,2.8,1.2272727272727273,0.09090909090909091,22
2026-01-24 12:30:00,AFC Bournemouth,Liverpool,3,2,H,1.8,2.4,1.0,40.339999999999996,14.8,4.8,32.0,236.0,317.4,74.0,20.6,18.0,55.0,34.0,10.2,17.0,11.0,34.2,11.6,2.4,1.2272727272727273,-0.2727272727272727,22,1.0,0.8,1.4,63.660000000000004,16.6,4.2,20.0,556.2,634.4,90.0,22.4,18.0,45.6,44.0,7.0,10.2,7.2,20.4,7.2,0.8,1.6363636363636365,0.18181818181818182,22
2026-01-25 09:00:00,Brentford,Nottingham Forest,0,2,A,2.2,1.0,2.0,52.9,13.2,5.4,40.0,373.2,454.0,82.0,18.2,28.0,62.0,42.0,7.8,13.6,9.0,26.6,9.6,1.8,1.5,0.22727272727272727,22,0.8,1.6,0.8,44.760000000000005,11.4,3.6,30.0,317.0,387.2,78.0,27.2,16.0,50.0,46.0,9.6,16.4,7.8,25.4,10.6,1.0,1.0,-0.5909090909090909,22
2026-01-25 09:00:00,Newcastle United,Aston Villa,0,2,A,1.8,1.0,2.0,61.5,15.6,5.8,38.0,475.8,549.4,86.0,33.0,24.0,43.2,50.0,8.8,14.6,8.2,27.2,6.4,1.6,1.5,0.22727272727272727,22,1.2,1.4,1.4,57.1,13.2,4.6,38.0,420.4,482.8,88.0,14.2,16.0,37.8,52.0,5.8,12.8,6.2,18.8,9.0,1.6,1.9545454545454546,0.36363636363636365,22
2026-01-25 09:00:00,Crystal Palace,Chelsea,1,3,A,0.4,1.2,0.4,45.22,10.8,2.4,24.0,304.2,396.8,78.0,16.0,14.0,51.0,34.0,8.8,18.0,8.0,32.8,9.8,2.2,1.2727272727272727,-0.09090909090909091,22,1.4,1.4,1.0,52.720000000000006,11.8,3.4,30.0,416.2,485.8,86.0,18.4,24.0,47.8,50.0,11.2,18.6,10.0,26.0,9.6,3.0,1.5454545454545454,0.5454545454545454,22
2026-01-25 11:30:00,Arsenal,Manchester United,2,3,A,1.8,0.8,2.2,52.720000000000006,16.4,5.0,32.0,371.6,443.2,84.0,18.4,30.0,41.0,40.0,7.4,16.6,7.0,21.0,11.4,1.6,2.272727272727273,1.1818181818181819,22,1.4,0.8,1.8,48.24,16.2,5.8,36.0,376.0,451.6,84.0,15.2,32.0,45.8,48.0,13.0,21.8,9.6,27.8,9.6,1.0,1.5909090909090908,0.2727272727272727,22
2026-01-26 15:00:00,Everton,Leeds United,1,1,D,1.2,1.0,1.6,40.82,12.4,4.0,32.0,267.8,343.0,78.0,15.6,28.0,53.4,42.0,11.6,21.2,9.2,38.6,10.4,1.0,1.4545454545454546,-0.045454545454545456,22,1.2,1.2,1.2,43.54,12.0,4.4,40.0,301.2,393.8,76.0,18.0,26.0,56.6,34.0,8.6,15.4,11.4,25.2,8.4,1.0,1.1363636363636365,-0.3181818181818182,22
2026-01-31 10:00:00,Wolverhampton Wanderers,AFC Bournemouth,0,2,A,1.0,0.8,1.2,40.019999999999996,10.4,3.8,36.0,289.8,356.8,80.0,17.8,26.0,43.2,36.0,10.4,17.8,8.4,27.0,13.2,2.2,0.34782608695652173,-1.2173913043478262,23,2.2,2.0,1.6,36.84,13.2,3.8,30.0,224.0,301.8,74.0,15.6,20.0,54.8,34.0,9.6,17.4,12.4,36.4,11.4,2.2,1.3043478260869565,-0.21739130434782608,23
2026-01-31 10:00:00,Leeds United,Arsenal,0,4,A,1.2,1.2,1.2,40.56,11.4,4.0,38.0,275.4,370.0,76.0,15.0,24.0,59.8,34.0,11.0,18.8,12.2,30.0,9.2,1.6,1.1304347826086956,-0.30434782608695654,23,1.8,1.2,1.6,53.4,14.6,4.6,32.0,370.6,441.8,84.0,19.6,28.0,38.8,42.0,7.6,16.0,7.4,21.8,12.2,1.6,2.1739130434782608,1.0869565217391304,23
2026-01-31 10:00:00,Brighton & Hove Albion,Everton,1,1,D,1.4,1.2,1.2,55.779999999999994,13.4,4.6,38.0,449.4,529.0,84.0,18.4,24.0,42.2,46.0,10.2,17.8,11.2,24.0,10.8,2.8,1.3043478260869565,0.08695652173913043,23,1.4,1.2,1.6,43.26,11.4,3.4,30.0,296.4,372.6,78.0,16.0,30.0,50.8,42.0,11.8,20.2,8.2,35.4,10.6,0.6,1.434782608695652,-0.043478260869565216,23
2026-01-31 12:30:00,Chelsea,West Ham United,3,2,H,1.8,1.2,1.6,51.5,11.0,4.0,38.0,423.2,498.2,86.0,15.6,28.0,51.8,48.0,9.4,16.4,11.0,33.8,8.4,2.4,1.608695652173913,0.6086956521739131,23,1.6,1.8,1.4,47.66,12.0,3.2,24.0,319.2,402.0,80.0,19.2,20.0,56.8,46.0,15.6,26.4,9.2,28.4,12.4,2.2,0.8695652173913043,-0.782608695652174,23
2026-01-31 15:00:00,Liverpool,Newcastle United,4,1,H,1.0,1.2,0.8,63.7,16.6,4.2,20.0,547.4,625.6,90.0,22.2,14.0,43.6,48.0,5.4,8.8,6.2,21.6,7.6,1.0,1.565217391304348,0.13043478260869565,23,1.8,1.2,2.0,60.3,15.4,6.0,40.0,455.6,527.8,86.0,30.6,24.0,43.2,50.0,10.4,16.6,7.6,29.0,6.8,1.6,1.434782608695652,0.13043478260869565,23
2026-02-01 09:00:00,Nottingham Forest,Crystal Palace,1,1,D,1.0,1.2,1.4,44.78,11.4,3.6,30.0,317.0,387.6,78.0,26.0,16.0,47.2,44.0,9.4,17.0,7.8,31.8,11.6,0.8,1.0869565217391304,-0.4782608695652174,23,0.6,1.6,0.4,41.480000000000004,10.4,3.4,32.0,286.4,376.0,78.0,14.6,16.0,51.0,32.0,8.4,18.2,8.6,32.8,10.6,2.0,1.2173913043478262,-0.17391304347826086,23
2026-02-01 09:00:00,Manchester United,Fulham,3,2,H,1.8,1.2,1.8,50.36,16.2,5.6,34.0,383.4,458.8,84.0,14.6,28.0,48.2,48.0,13.2,20.6,7.2,23.8,9.6,0.6,1.6521739130434783,0.30434782608695654,23,1.4,1.2,1.6,51.94,12.2,3.4,26.0,439.2,519.8,84.0,15.4,18.0,50.4,46.0,8.6,14.8,9.0,35.0,10.6,3.0,1.4782608695652173,0.0,23
2026-02-01 09:00:00,Aston Villa,Brentford,0,1,A,1.2,1.2,1.4,57.54,13.8,4.6,36.0,423.4,489.2,88.0,14.6,24.0,41.0,48.0,8.0,15.4,6.8,19.0,9.8,1.4,2.0,0.43478260869565216,23,1.4,1.2,1.4,56.220000000000006,12.2,4.2,32.0,409.0,488.4,84.0,23.8,26.0,58.2,46.0,7.6,14.0,10.0,20.8,10.0,1.6,1.434782608695652,0.13043478260869565,23
2026-02-01 11:30:00,Tottenham Hotspur,Manchester City,2,2,D,1.2,1.6,0.6,54.980000000000004,15.4,5.8,38.0,374.2,461.6,80.0,23.4,24.0,53.0,46.0,14.4,20.4,8.0,22.0,10.0,2.4,1.2173913043478262,0.08695652173913043,23,0.8,0.8,1.2,63.54,13.4,3.6,26.0,548.8,623.6,90.0,15.6,30.0,40.6,52.0,12.6,18.0,13.2,12.8,9.6,1.8,2.0,1.1304347826086956,23
2026-02-02 15:00:00,Sunderland,Burnley,3,0,H,0.8,1.6,1.0,48.660000000000004,10.2,3.8,36.0,305.8,387.4,78.0,15.6,26.0,51.0,42.0,10.2,14.0,10.0,29.8,10.4,2.4,1.434782608695652,-0.08695652173913043,23,1.2,2.0,0.6,37.480000000000004,8.6,2.6,30.0,279.4,360.8,78.0,9.6,10.0,51.4,34.0,11.4,20.0,9.2,26.8,10.6,2.2,0.6521739130434783,-0.8260869565217391,23
2026-02-06 15:00:00,Leeds United,Nottingham Forest,3,1,H,1.2,2.0,1.0,44.12,11.2,3.8,34.0,299.8,390.0,78.0,16.8,20.0,58.4,34.0,10.2,18.4,12.0,29.8,9.6,1.4,1.0833333333333333,-0.4583333333333333,24,1.2,1.0,1.6,37.39999999999999,9.0,2.6,26.0,238.2,311.0,74.0,18.2,16.0,52.6,42.0,8.8,16.0,8.8,34.4,10.2,0.8,1.0833333333333333,-0.4583333333333333,24
2026-02-07 07:30:00,Manchester United,Tottenham Hotspur,2,0,H,2.2,1.4,2.2,47.56,15.8,5.6,36.0,367.8,443.2,84.0,12.6,32.0,49.0,48.0,12.4,20.8,8.4,26.6,9.0,1.0,1.7083333333333333,0.3333333333333333,24,1.6,2.0,0.6,54.160000000000004,16.0,6.4,42.0,371.6,456.2,80.0,23.8,30.0,50.6,46.0,13.8,21.6,7.2,19.2,11.0,2.6,1.2083333333333333,0.08333333333333333,24
2026-02-07 10:00:00,Fulham,Everton,1,2,A,1.6,1.6,1.4,51.52,11.6,3.6,28.0,442.2,517.8,84.0,17.2,16.0,45.8,42.0,9.2,15.0,9.8,30.0,10.4,2.2,1.4166666666666667,-0.041666666666666664,24,1.2,1.4,1.2,46.480000000000004,10.6,3.6,36.0,318.4,397.0,80.0,17.6,28.0,50.6,44.0,12.4,20.2,7.8,28.8,11.6,1.0,1.4166666666666667,-0.041666666666666664,24
2026-02-07 10:00:00,Arsenal,Sunderland,3,0,H,1.8,1.0,1.6,54.239999999999995,13.2,5.0,38.0,372.8,450.6,82.0,22.4,26.0,44.2,38.0,7.6,15.4,7.0,24.6,10.0,1.4,2.2083333333333335,1.2083333333333333,24,1.4,1.6,1.4,51.04,11.0,4.0,36.0,332.6,411.8,80.0,15.8,22.0,51.4,44.0,8.6,12.2,8.4,28.6,11.0,2.4,1.5,0.041666666666666664,24
2026-02-07 10:00:00,AFC Bournemouth,Aston Villa,1,1,D,2.2,1.6,2.0,40.120000000000005,11.6,3.4,30.0,264.0,341.8,76.0,14.6,22.0,54.8,38.0,9.4,18.2,11.6,34.6,12.0,2.6,1.375,-0.125,24,1.0,0.6,1.4,61.14,17.0,5.0,34.0,462.6,533.2,88.0,17.4,28.0,39.0,46.0,9.4,17.2,6.8,19.4,9.6,0.8,1.9166666666666667,0.375,24
2026-02-07 10:00:00,Wolverhampton Wanderers,Chelsea,1,3,A,0.8,1.0,1.0,41.39999999999999,11.6,4.4,36.0,300.6,372.6,80.0,19.4,26.0,44.0,36.0,12.0,18.4,7.0,25.2,13.0,2.2,0.3333333333333333,-1.25,24,2.0,1.2,2.0,52.220000000000006,10.4,4.6,42.0,455.4,529.8,86.0,17.6,26.0,51.6,52.0,9.2,15.8,11.0,32.6,9.6,2.8,1.6666666666666667,0.625,24
2026-02-07 10:00:00,Burnley,West Ham United,0,2,A,1.0,2.0,0.6,39.019999999999996,6.6,1.8,24.0,301.6,378.8,80.0,11.6,10.0,50.4,38.0,10.8,18.6,8.0,26.8,10.8,2.6,0.625,-0.9166666666666666,24,1.6,2.0,1.2,45.8,12.2,3.6,26.0,310.0,395.0,80.0,18.2,22.0,55.6,44.0,14.6,24.0,8.8,32.4,12.8,2.0,0.8333333333333334,-0.7916666666666666,24
2026-02-07 12:30:00,Newcastle United,Brentford,2,3,A,1.4,1.8,1.4,59.160000000000004,13.0,4.6,36.0,431.0,500.8,86.0,31.8,24.0,42.2,48.0,9.8,15.4,7.0,26.4,7.6,2.0,1.375,0.0,24,1.6,1.2,1.8,50.7,12.0,4.2,32.0,360.6,436.6,82.0,21.2,24.0,61.2,46.0,6.0,11.8,10.8,23.6,10.0,2.0,1.5,0.16666666666666666,24
2026-02-08 09:00:00,Brighton & Hove Albion,Crystal Palace,0,1,A,1.2,1.0,1.2,54.2,12.4,3.8,34.0,437.8,519.2,82.0,16.4,30.0,43.4,40.0,10.0,19.2,9.8,25.2,9.8,2.0,1.2916666666666667,0.08333333333333333,24,0.6,1.6,0.4,46.92,11.0,3.6,32.0,324.4,413.4,80.0,17.0,20.0,50.2,34.0,8.6,18.2,8.0,31.8,11.6,2.6,1.2083333333333333,-0.16666666666666666,24
2026-02-08 11:30:00,Liverpool,Manchester City,1,2,A,1.8,1.4,1.2,60.8,16.2,4.8,24.0,506.6,580.6,88.0,20.4,16.0,44.8,50.0,7.0,10.8,6.2,25.0,7.8,1.2,1.625,0.25,24,1.2,1.2,1.2,62.0,13.6,3.4,24.0,543.6,611.2,90.0,14.8,32.0,39.0,56.0,11.6,18.0,11.6,13.6,10.8,2.2,1.9583333333333333,1.0833333333333333,24
2026-02-10 14:30:00,Everton,AFC Bournemouth,1,2,A,1.2,0.8,1.8,46.32,11.0,3.0,32.0,328.0,402.6,82.0,16.4,26.0,50.2,44.0,11.4,18.4,8.0,30.2,12.2,2.0,1.48,0.0,25,2.0,1.2,2.2,42.06,12.6,4.6,36.0,280.8,356.6,76.0,15.6,20.0,53.0,40.0,8.2,17.0,13.0,32.2,10.2,2.2,1.36,-0.12,25
2026-02-10 14:30:00,Chelsea,Leeds United,2,2,D,2.4,1.2,2.4,56.94,11.8,5.2,42.0,521.6,592.0,88.0,19.4,20.0,50.6,54.0,9.2,16.0,10.2,33.6,8.8,2.4,1.72,0.68,25,1.6,2.0,1.4,46.31999999999999,11.8,4.2,36.0,317.0,400.4,80.0,16.2,24.0,56.2,34.0,11.4,19.2,9.6,32.4,9.6,1.6,1.16,-0.36,25
2026-02-10 14:30:00,Tottenham Hotspur,Newcastle United,1,2,A,1.4,2.2,0.4,51.379999999999995,14.8,5.6,36.0,371.4,452.4,80.0,21.2,32.0,49.8,44.0,12.6,21.8,7.4,18.6,11.4,2.6,1.16,0.0,25,1.4,2.4,0.8,58.040000000000006,13.8,4.0,30.0,419.6,487.6,86.0,29.8,24.0,43.0,48.0,9.2,14.0,6.4,25.6,9.4,2.2,1.32,-0.04,25
2026-02-10 15:15:00,West Ham United,Manchester United,1,1,D,2.0,1.4,1.8,41.58,12.2,4.4,40.0,269.8,355.0,78.0,14.2,22.0,59.2,38.0,13.2,21.4,11.0,36.2,12.8,2.2,0.92,-0.68,25,2.4,1.2,2.6,49.68,17.4,7.2,42.0,400.4,467.2,86.0,14.6,34.0,41.8,48.0,11.6,19.4,7.8,21.2,9.6,1.0,1.76,0.4,25
2026-02-11 14:30:00,Aston Villa,Brighton & Hove Albion,1,0,H,0.6,0.6,1.0,56.06,16.2,5.0,38.0,408.8,480.6,86.0,16.4,34.0,43.2,44.0,10.0,17.2,6.0,25.0,9.8,0.8,1.88,0.36,25,0.8,1.2,0.6,54.98,10.8,3.4,34.0,423.8,509.0,82.0,17.2,24.0,48.4,42.0,9.4,19.2,9.2,27.0,10.8,2.2,1.24,0.04,25
2026-02-11 14:30:00,Manchester City,Fulham,3,0,H,1.4,1.2,1.6,61.239999999999995,14.2,4.2,28.0,521.4,588.2,88.0,14.0,32.0,42.4,52.0,9.6,16.2,11.8,18.6,11.6,2.4,2.0,1.08,25,1.4,1.6,1.2,54.220000000000006,12.6,3.8,26.0,448.8,522.0,86.0,18.4,24.0,44.2,44.0,9.8,16.0,9.6,26.4,10.4,2.2,1.36,-0.08,25
2026-02-11 14:30:00,Nottingham Forest,Wolverhampton Wanderers,0,0,D,1.2,1.0,1.6,40.660000000000004,10.2,2.8,24.0,259.0,333.2,76.0,23.2,22.0,53.6,44.0,9.2,15.0,7.6,32.4,8.6,0.6,1.04,-0.52,25,0.4,1.6,0.4,41.58,11.6,3.4,28.0,315.2,385.4,80.0,20.2,26.0,43.4,40.0,11.2,16.2,6.8,22.6,12.6,2.2,0.32,-1.28,25
2026-02-11 14:40:00,Crystal Palace,Burnley,2,3,A,0.8,1.2,1.0,46.04,10.2,4.2,42.0,320.0,406.8,80.0,16.4,24.0,54.8,34.0,8.6,16.8,7.8,29.4,11.0,2.6,1.28,-0.12,25,1.0,2.0,0.6,41.78,9.2,2.2,18.0,316.6,393.6,82.0,15.4,12.0,49.2,36.0,10.0,16.8,7.8,27.2,9.6,2.4,0.6,-0.96,25
2026-02-11 15:15:00,Sunderland,Liverpool,0,1,A,1.2,2.0,1.2,50.92,10.0,4.0,42.0,339.2,417.0,80.0,14.0,22.0,52.2,44.0,7.4,11.4,7.8,29.2,11.4,2.2,1.44,-0.08,25,1.6,1.4,1.0,58.48,17.2,5.2,26.0,455.2,530.8,86.0,20.0,22.0,48.0,50.0,7.8,12.8,6.6,24.2,9.6,1.4,1.56,0.2,25
2026-02-12 15:00:00,Brentford,Arsenal,1,1,D,1.4,1.2,1.8,49.019999999999996,12.0,3.8,30.0,346.8,421.4,82.0,21.4,18.0,59.6,46.0,6.4,11.6,9.4,23.2,12.0,2.0,1.56,0.2,25,1.8,0.6,1.6,52.7,14.0,5.0,36.0,364.2,436.0,82.0,22.2,24.0,42.2,40.0,7.0,13.4,8.0,23.0,10.6,1.4,2.24,1.28,25
2026-02-18 15:00:00,Wolverhampton Wanderers,Arsenal,2,2,D,0.2,1.4,0.4,38.12,10.4,3.2,30.0,285.0,356.0,80.0,16.4,24.0,46.0,38.0,12.2,17.0,7.0,25.6,12.2,2.0,0.34615384615384615,-1.2307692307692308,26,2.0,0.8,1.6,55.02,13.6,4.6,34.0,361.8,434.6,82.0,23.8,26.0,45.0,44.0,8.2,15.6,7.4,27.4,10.8,1.4,2.1923076923076925,1.2307692307692308,26
2026-02-21 10:00:00,Brentford,Brighton & Hove Albion,0,2,A,1.0,1.4,1.4,47.08,10.8,3.2,30.0,328.2,405.8,80.0,20.0,20.0,59.2,44.0,7.0,12.2,10.2,24.4,11.8,2.2,1.5384615384615385,0.19230769230769232,26,0.6,1.2,0.4,57.1,11.4,3.4,30.0,430.8,512.8,82.0,20.8,22.0,48.2,46.0,9.0,18.0,7.8,24.8,10.6,1.6,1.1923076923076923,0.0,26
2026-02-21 10:00:00,Chelsea,Burnley,1,1,D,2.6,1.2,2.6,61.1,12.8,4.8,38.0,561.8,629.0,88.0,18.8,22.0,45.8,54.0,8.6,16.2,10.0,32.0,9.4,2.6,1.6923076923076923,0.6538461538461539,26,1.2,2.0,1.0,41.96,9.4,2.6,24.0,311.0,393.8,80.0,16.6,16.0,51.4,32.0,9.6,16.8,7.8,29.6,9.4,2.2,0.6923076923076923,-0.8846153846153846,26
2026-02-21 10:00:00,Aston Villa,Leeds United,1,1,D,0.8,0.6,1.4,54.17999999999999,16.2,4.6,36.0,383.2,456.8,84.0,16.0,36.0,47.2,44.0,9.4,16.6,5.6,25.2,11.0,1.2,1.9230769230769231,0.38461538461538464,26,1.4,1.6,1.6,45.66,9.8,3.4,38.0,320.6,400.8,80.0,14.6,24.0,55.8,34.0,11.2,18.0,8.2,32.4,10.2,2.0,1.1538461538461537,-0.34615384615384615,26
2026-02-21 12:30:00,West Ham United,AFC Bournemouth,0,0,D,2.0,1.2,2.0,39.12,10.8,4.4,44.0,264.0,345.0,78.0,13.2,24.0,55.8,42.0,11.4,18.8,12.8,34.4,11.8,1.8,0.9230769230769231,-0.6538461538461539,26,1.8,1.0,2.2,43.1,12.6,4.8,38.0,294.8,373.0,78.0,15.6,18.0,54.6,42.0,8.4,17.8,12.6,32.2,9.4,2.2,1.4230769230769231,-0.07692307692307693,26
2026-02-21 15:00:00,Manchester City,Newcastle United,2,1,H,1.8,1.0,2.0,60.379999999999995,12.6,4.0,30.0,530.8,593.4,88.0,13.2,24.0,42.0,56.0,9.6,17.8,9.4,20.4,12.0,2.8,2.0384615384615383,1.1538461538461537,26,1.0,2.0,0.8,54.980000000000004,14.4,3.4,26.0,380.8,446.4,84.0,29.6,22.0,42.6,48.0,10.0,15.8,5.2,24.4,9.4,2.0,1.3846153846153846,0.0,26
2026-02-22 09:00:00,Nottingham Forest,Liverpool,0,1,A,0.8,0.8,1.2,42.64,14.6,3.8,22.0,276.8,345.6,78.0,25.2,24.0,50.4,50.0,9.4,15.6,7.6,31.2,9.2,0.6,1.0384615384615385,-0.5,26,1.8,1.4,1.4,59.379999999999995,20.2,5.8,28.0,451.0,529.2,86.0,23.4,24.0,49.4,52.0,8.2,13.8,5.8,27.0,9.8,1.0,1.6153846153846154,0.23076923076923078,26
2026-02-22 09:00:00,Crystal Palace,Wolverhampton Wanderers,1,0,H,1.2,1.8,0.8,50.760000000000005,12.2,3.8,34.0,353.0,447.4,80.0,19.2,26.0,56.8,36.0,9.0,15.6,8.6,28.2,11.6,2.6,1.2307692307692308,-0.15384615384615385,26,0.6,1.8,0.4,40.019999999999996,10.2,3.2,32.0,291.8,367.6,78.0,15.8,24.0,47.4,40.0,13.2,20.0,7.0,23.6,10.6,2.0,0.37037037037037035,-1.1851851851851851,27
2026-02-22 09:00:00,Sunderland,Fulham,1,3,A,1.2,1.6,1.2,49.64,10.0,3.8,40.0,338.6,413.6,80.0,16.4,22.0,51.4,42.0,7.6,12.8,7.4,31.8,10.4,2.2,1.3846153846153846,-0.11538461538461539,26,1.0,2.0,0.6,52.02,12.2,3.4,24.0,431.8,506.0,86.0,17.4,26.0,45.6,42.0,10.6,17.4,9.4,23.0,10.2,1.8,1.3076923076923077,-0.19230769230769232,26
2026-02-22 11:30:00,Tottenham Hotspur,Arsenal,1,4,A,1.2,2.0,0.4,50.36,14.8,5.2,32.0,372.4,447.0,80.0,19.6,38.0,47.6,46.0,11.6,20.2,7.8,24.0,12.4,2.6,1.1153846153846154,-0.038461538461538464,26,2.4,1.2,1.6,54.52,12.6,4.8,38.0,357.6,433.0,82.0,22.8,24.0,45.6,42.0,9.2,16.4,9.2,27.0,9.6,1.4,2.1481481481481484,1.1851851851851851,27
2026-02-23 15:00:00,Everton,Manchester United,0,1,A,1.2,1.0,1.6,47.78,11.6,3.8,36.0,340.2,418.4,82.0,17.4,30.0,54.4,44.0,11.0,17.2,8.4,25.8,12.4,2.0,1.4230769230769231,-0.038461538461538464,26,2.2,1.0,2.6,49.62,13.2,5.8,42.0,406.8,474.4,86.0,13.4,34.0,43.4,48.0,10.8,19.4,8.2,21.0,8.8,1.2,1.7307692307692308,0.38461538461538464,26
2026-02-27 15:00:00,Wolverhampton Wanderers,Aston Villa,2,0,H,0.6,1.6,0.4,40.739999999999995,10.4,4.4,42.0,278.2,353.2,78.0,16.4,28.0,49.0,40.0,12.4,19.6,7.6,29.0,10.4,1.6,0.35714285714285715,-1.1785714285714286,28,1.0,0.6,1.6,54.96,15.8,4.4,36.0,385.0,461.8,84.0,17.8,38.0,45.6,42.0,9.6,16.6,6.4,26.0,10.2,1.2,1.8888888888888888,0.37037037037037035,27
2026-02-28 07:30:00,AFC Bournemouth,Sunderland,1,1,D,1.6,0.8,2.2,48.08,12.4,5.4,44.0,332.8,413.4,80.0,15.6,18.0,51.8,40.0,9.6,17.6,10.8,31.0,10.4,1.8,1.4074074074074074,-0.07407407407407407,27,1.0,2.0,0.6,48.86,9.8,2.8,34.0,332.4,403.6,80.0,15.6,16.0,50.6,44.0,6.4,12.2,6.2,29.8,10.0,1.8,1.3333333333333333,-0.18518518518518517,27
2026-02-28 10:00:00,Burnley,Brentford,3,4,A,1.2,2.0,1.0,43.239999999999995,10.4,3.2,28.0,320.8,399.2,82.0,17.4,26.0,48.0,36.0,9.4,14.8,9.0,25.4,9.6,2.2,0.7037037037037037,-0.8518518518518519,27,1.0,1.4,1.4,46.62,10.4,2.8,28.0,307.6,391.0,78.0,18.4,22.0,62.6,42.0,6.4,11.0,10.6,25.4,11.6,2.0,1.4814814814814814,0.1111111111111111,27
2026-02-28 10:00:00,Newcastle United,Everton,2,3,A,1.2,2.4,0.6,50.620000000000005,14.6,4.4,32.0,329.2,398.6,82.0,25.4,22.0,47.6,46.0,10.6,17.4,5.2,24.0,10.4,2.6,1.3333333333333333,-0.037037037037037035,27,1.0,1.2,1.0,49.92,12.2,4.0,36.0,358.0,442.6,82.0,23.0,26.0,55.0,42.0,10.6,17.4,8.6,22.8,12.2,2.0,1.3703703703703705,-0.07407407407407407,27
2026-02-28 10:00:00,Liverpool,West Ham United,5,2,H,1.8,1.2,1.8,55.36,15.8,4.4,30.0,406.4,481.4,84.0,19.2,24.0,49.4,54.0,8.8,15.2,6.0,29.8,10.0,0.8,1.6666666666666667,0.25925925925925924,27,1.6,1.0,1.6,39.86,11.4,4.2,44.0,266.4,350.6,76.0,13.6,26.0,54.2,40.0,11.6,18.0,10.6,31.8,10.4,1.4,0.9259259259259259,-0.6296296296296297,27
2026-02-28 12:30:00,Leeds United,Manchester City,0,1,A,1.4,1.8,1.2,43.04,9.8,3.2,36.0,294.8,371.6,78.0,13.0,28.0,53.0,36.0,12.2,20.4,9.0,37.8,12.2,2.6,1.1481481481481481,-0.3333333333333333,27,2.2,0.8,2.6,57.7,14.2,5.2,38.0,493.2,557.6,86.0,11.4,32.0,46.0,54.0,10.0,19.4,8.6,21.2,12.8,2.6,2.074074074074074,1.1481481481481481,27
2026-03-01 09:00:00,Brighton & Hove Albion,Nottingham Forest,2,1,H,0.8,1.0,0.8,53.339999999999996,10.2,3.8,36.0,396.6,480.0,82.0,18.8,22.0,52.2,40.0,8.6,17.0,9.2,25.2,12.0,1.6,1.2592592592592593,0.07407407407407407,27,0.8,1.0,1.0,44.08,17.0,4.2,24.0,294.6,365.6,78.0,26.2,24.0,51.2,52.0,11.2,16.8,8.4,31.6,10.2,0.8,1.0,-0.5185185185185185,27
2026-03-01 09:00:00,Fulham,Tottenham Hotspur,2,1,H,1.6,2.0,1.2,50.6,13.0,4.0,28.0,411.6,481.6,86.0,19.2,28.0,46.2,40.0,11.2,18.6,9.2,24.2,10.6,1.0,1.3703703703703705,-0.1111111111111111,27,1.2,2.4,0.4,46.0,11.8,5.0,42.0,338.6,414.8,78.0,13.2,38.0,50.4,38.0,11.2,21.2,9.4,29.4,13.4,2.0,1.0740740740740742,-0.14814814814814814,27
2026-03-01 09:00:00,Manchester United,Crystal Palace,2,1,H,2.0,1.0,2.6,53.7,13.2,5.0,36.0,436.4,510.6,86.0,12.6,30.0,46.0,44.0,10.0,17.0,7.4,23.2,7.6,1.4,1.7777777777777777,0.4074074074074074,27,1.2,1.4,1.4,54.339999999999996,13.8,4.0,32.0,370.0,464.6,80.0,21.0,28.0,56.6,38.0,10.0,16.2,8.2,27.2,12.4,3.0,1.2962962962962963,-0.1111111111111111,27
2026-03-01 11:30:00,Arsenal,Chelsea,2,1,H,2.8,0.8,2.2,55.31999999999999,13.6,5.4,40.0,359.0,440.4,82.0,20.8,24.0,48.6,40.0,12.0,20.4,8.6,26.0,9.6,1.2,2.1785714285714284,1.25,28,2.4,1.4,2.2,65.24,14.0,4.8,36.0,593.6,661.4,90.0,20.2,22.0,44.0,54.0,8.4,15.4,9.6,26.2,10.6,2.4,1.6666666666666667,0.6296296296296297,27
2026-03-03 14:30:00,AFC Bournemouth,Brentford,0,0,D,1.2,0.6,1.8,53.839999999999996,14.2,5.4,40.0,358.4,446.6,80.0,18.2,18.0,55.6,40.0,9.6,16.8,10.8,28.8,12.0,2.4,1.3928571428571428,-0.07142857142857142,28,1.8,1.6,2.0,45.18,11.6,4.0,34.0,284.8,370.2,76.0,15.6,22.0,66.0,38.0,7.4,11.0,9.2,26.6,11.2,2.2,1.5357142857142858,0.14285714285714285,28
2026-03-03 14:30:00,Everton,Burnley,2,0,H,1.4,1.4,1.4,45.08,12.0,4.4,42.0,314.2,396.4,80.0,19.8,32.0,55.0,44.0,10.4,18.8,9.2,24.6,11.8,2.6,1.4285714285714286,-0.03571428571428571,28,1.4,2.4,0.8,44.0,11.0,3.0,26.0,313.6,388.6,82.0,19.6,26.0,49.4,38.0,8.4,13.6,6.6,29.2,9.8,2.4,0.6785714285714286,-0.8571428571428571,28
2026-03-03 14:30:00,Leeds United,Sunderland,0,1,A,1.2,1.8,1.0,41.260000000000005,9.8,2.8,32.0,279.8,355.0,76.0,15.0,30.0,49.0,36.0,9.2,17.0,8.8,34.2,11.6,2.0,1.1071428571428572,-0.35714285714285715,28,1.0,1.6,0.8,45.88000000000001,10.0,3.2,38.0,304.0,379.8,78.0,14.6,14.0,53.0,40.0,8.4,14.8,6.8,33.0,9.2,1.4,1.3214285714285714,-0.17857142857142858,28
2026-03-03 15:15:00,Wolverhampton Wanderers,Liverpool,2,1,H,1.0,1.2,1.0,38.42,8.8,3.4,38.0,251.6,323.6,78.0,14.2,26.0,49.4,38.0,11.4,18.2,9.0,30.2,10.8,1.8,0.4482758620689655,-1.0689655172413792,29,2.4,1.0,2.4,51.81999999999999,16.6,5.0,32.0,364.6,439.2,82.0,19.2,22.0,50.2,50.0,9.2,17.0,6.4,28.8,11.0,1.0,1.7142857142857142,0.35714285714285715,28
2026-03-04 14:30:00,Brighton & Hove Albion,Arsenal,0,1,A,1.0,0.8,1.4,53.86,10.4,4.2,38.0,400.8,481.0,84.0,15.8,26.0,52.8,44.0,9.0,17.2,8.0,24.6,13.2,2.0,1.3214285714285714,0.10714285714285714,28,2.4,1.0,2.2,53.44,13.0,4.6,36.0,351.8,429.0,82.0,17.8,22.0,46.2,42.0,12.4,21.0,8.4,24.0,10.4,1.2,2.206896551724138,1.2413793103448276,29
2026-03-04 14:30:00,Aston Villa,Chelsea,1,4,A,0.6,1.0,1.0,59.25999999999999,15.8,3.8,32.0,418.4,491.6,86.0,21.0,34.0,41.0,50.0,8.0,14.6,7.2,23.2,11.6,1.4,1.8214285714285714,0.2857142857142857,28,2.0,1.6,1.6,65.66,13.8,4.2,30.0,577.8,639.8,90.0,20.8,20.0,40.4,52.0,8.0,16.4,9.4,21.6,11.4,2.6,1.6071428571428572,0.5714285714285714,28
2026-03-04 14:30:00,Manchester City,Nottingham Forest,2,2,D,2.0,0.8,2.6,58.260000000000005,14.8,5.4,38.0,494.4,559.8,86.0,13.8,30.0,46.2,52.0,10.4,19.6,5.2,26.8,11.2,3.0,2.107142857142857,1.1428571428571428,28,0.6,1.4,0.4,46.56,18.2,4.6,24.0,326.8,395.4,82.0,26.4,24.0,50.6,56.0,10.0,15.0,8.4,23.8,10.8,1.0,0.9642857142857143,-0.5357142857142857,28
2026-03-04 14:30:00,Fulham,West Ham United,0,1,A,1.6,2.0,1.2,51.6,14.2,4.0,26.0,405.0,477.2,86.0,18.2,34.0,45.8,38.0,11.2,18.8,9.8,22.8,10.8,1.4,1.4285714285714286,-0.07142857142857142,28,1.4,1.8,1.0,40.620000000000005,11.0,4.0,44.0,277.0,361.8,76.0,15.2,26.0,53.0,40.0,10.0,15.6,12.2,30.8,10.8,1.4,0.8928571428571429,-0.7142857142857143,28
2026-03-04 15:15:00,Newcastle United,Manchester United,2,1,H,1.6,2.6,0.6,51.7,15.0,5.0,34.0,341.8,412.2,82.0,24.6,20.0,46.6,42.0,8.6,15.2,5.6,21.8,12.0,2.8,1.2857142857142858,-0.07142857142857142,28,1.8,0.8,2.6,57.120000000000005,15.2,6.6,42.0,484.0,560.2,88.0,16.6,34.0,42.4,50.0,9.4,17.0,7.0,21.4,8.4,1.8,1.8214285714285714,0.42857142857142855,28
2026-03-05 15:00:00,Tottenham Hotspur,Crystal Palace,1,3,A,1.0,2.4,0.2,42.68,10.8,3.0,32.0,292.0,369.8,76.0,13.6,36.0,52.8,36.0,10.2,19.2,9.4,30.2,14.4,2.6,1.0357142857142858,-0.17857142857142858,28,1.2,1.2,1.4,53.5,12.8,3.2,30.0,363.2,456.4,80.0,18.2,28.0,56.8,38.0,9.2,16.0,7.4,28.4,12.6,3.0,1.25,-0.14285714285714285,28
2026-03-14 11:00:00,Sunderland,Brighton & Hove Albion,0,1,A,0.6,1.6,0.8,42.980000000000004,7.8,2.4,36.0,261.6,341.2,74.0,14.2,14.0,56.8,34.0,9.2,16.2,6.4,38.0,10.6,1.8,1.3793103448275863,-0.13793103448275862,29,0.8,0.8,1.2,55.120000000000005,10.4,4.4,40.0,396.2,476.6,84.0,19.2,24.0,54.8,46.0,10.2,17.8,8.4,24.2,13.4,2.6,1.2758620689655173,0.06896551724137931,29
2026-03-14 11:00:00,Burnley,AFC Bournemouth,0,0,D,1.4,2.2,0.8,41.760000000000005,11.0,3.4,34.0,303.0,378.0,82.0,16.6,24.0,50.2,38.0,8.2,14.2,8.4,29.6,10.2,1.8,0.6551724137931034,-0.896551724137931,29,0.8,0.6,1.4,53.540000000000006,15.0,5.0,36.0,343.0,435.4,80.0,19.2,16.0,56.0,38.0,9.2,15.4,10.6,31.0,10.8,2.2,1.3793103448275863,-0.06896551724137931,29
2026-03-14 13:30:00,Arsenal,Everton,2,0,H,2.0,1.0,2.2,51.6,11.2,4.0,36.0,332.0,415.6,80.0,15.4,22.0,50.2,40.0,12.0,21.2,7.6,29.6,10.6,1.2,2.2333333333333334,1.2333333333333334,30,1.6,1.2,1.8,46.88,13.4,4.6,38.0,349.4,428.0,82.0,20.8,32.0,51.4,44.0,10.0,17.8,9.8,25.6,11.0,2.2,1.4827586206896552,0.034482758620689655,29
2026-03-14 13:30:00,Chelsea,Newcastle United,0,1,A,2.2,1.4,1.6,62.88000000000001,14.0,4.6,32.0,552.0,608.6,90.0,17.4,20.0,37.0,48.0,7.6,16.6,9.6,20.0,11.0,2.4,1.6551724137931034,0.6551724137931034,29,1.8,2.0,1.2,51.480000000000004,15.8,5.6,36.0,346.8,422.0,82.0,22.6,22.0,53.0,44.0,10.0,16.2,5.8,23.2,13.6,2.6,1.3448275862068966,-0.034482758620689655,29
2026-03-14 16:00:00,West Ham United,Manchester City,1,1,D,1.2,1.2,1.6,42.839999999999996,10.6,3.4,40.0,296.4,377.6,78.0,16.0,24.0,49.2,38.0,9.0,14.0,13.6,27.6,10.6,1.8,0.9655172413793104,-0.6551724137931034,29,2.0,0.8,2.6,60.24000000000001,16.0,6.2,40.0,532.8,599.0,86.0,15.2,26.0,45.0,54.0,9.2,17.0,5.6,23.0,10.8,2.4,2.0689655172413794,1.103448275862069,29
2026-03-15 10:00:00,Manchester United,Aston Villa,3,1,H,1.4,0.8,2.0,59.68000000000001,15.4,6.4,40.0,486.4,568.4,86.0,17.0,26.0,42.2,46.0,9.2,15.0,6.8,19.0,10.4,2.0,1.7586206896551724,0.3793103448275862,29,0.8,1.6,1.0,53.54,12.2,3.6,36.0,381.0,450.6,86.0,18.0,30.0,41.8,52.0,7.6,13.0,8.0,22.2,12.0,2.0,1.7586206896551724,0.1724137931034483,29
2026-03-15 10:00:00,Nottingham Forest,Fulham,0,0,D,0.8,1.6,0.4,46.02,18.2,5.2,30.0,339.4,404.8,84.0,26.0,24.0,47.8,54.0,10.6,15.8,7.6,24.2,11.2,1.6,0.9655172413793104,-0.5172413793103449,29,1.2,1.6,1.2,51.96,14.0,3.8,26.0,395.6,474.6,84.0,17.6,36.0,50.4,42.0,9.6,17.2,7.8,25.0,11.8,1.6,1.3793103448275863,-0.10344827586206896,29
2026-03-15 10:00:00,Crystal Palace,Leeds United,0,0,D,1.6,1.2,1.8,52.06,11.8,3.4,34.0,345.8,434.0,80.0,17.4,24.0,56.0,36.0,9.8,18.0,7.4,29.6,13.0,2.8,1.3103448275862069,-0.06896551724137931,29,1.2,1.2,1.0,45.42,12.8,3.4,30.0,307.6,386.0,76.0,17.0,30.0,51.6,40.0,9.2,17.0,8.0,31.0,12.6,2.0,1.0689655172413792,-0.3793103448275862,29
2026-03-15 12:30:00,Liverpool,Tottenham Hotspur,1,1,D,1.8,1.2,1.8,54.220000000000006,17.2,5.0,32.0,403.6,478.8,84.0,21.4,20.0,47.6,52.0,8.8,16.6,6.8,23.4,11.4,1.0,1.6551724137931034,0.3103448275862069,29,0.8,2.6,0.0,42.68,10.8,2.6,28.0,278.2,355.0,76.0,13.4,36.0,50.4,38.0,10.2,17.8,10.2,32.0,14.2,2.6,1.0,-0.2413793103448276,29
2026-03-16 16:00:00,Brentford,Wolverhampton Wanderers,2,2,D,1.6,1.6,1.6,49.98,11.4,4.0,36.0,317.6,409.8,78.0,17.2,22.0,66.8,38.0,7.2,12.4,7.8,25.8,11.6,1.8,1.5172413793103448,0.13793103448275862,29,1.2,0.8,1.6,38.519999999999996,7.4,3.4,48.0,240.0,313.6,78.0,12.0,24.0,49.4,32.0,13.0,20.8,9.2,33.0,11.0,2.0,0.5333333333333333,-1.0,30
2026-03-20 16:00:00,AFC Bournemouth,Manchester United,2,2,D,0.6,0.4,1.4,55.4,15.4,3.8,28.0,349.8,447.0,80.0,19.0,20.0,57.2,34.0,11.2,17.4,10.6,34.4,11.0,2.0,1.3666666666666667,-0.06666666666666667,30,1.6,1.0,2.0,57.04,14.0,5.6,40.0,452.0,534.4,86.0,17.2,22.0,45.8,48.0,8.8,15.2,8.2,21.2,10.0,2.4,1.8,0.43333333333333335,30
2026-03-21 08:45:00,Brighton & Hove Albion,Liverpool,2,1,H,1.0,0.6,1.8,52.75999999999999,11.4,4.8,40.0,375.2,459.4,82.0,18.8,30.0,54.8,40.0,12.2,19.6,10.2,26.0,13.4,2.8,1.3333333333333333,0.1,30,1.8,1.0,2.0,57.58,17.6,5.0,30.0,435.4,511.4,84.0,21.2,18.0,44.2,50.0,8.6,15.6,7.6,22.8,10.4,0.6,1.6333333333333333,0.3,30
2026-03-21 11:00:00,Fulham,Burnley,3,1,H,1.0,1.2,1.4,51.720000000000006,12.6,3.4,26.0,387.4,472.8,82.0,17.4,30.0,54.2,44.0,9.2,16.4,8.0,25.0,11.8,2.0,1.3666666666666667,-0.1,30,1.4,1.8,1.0,38.58,10.4,2.8,30.0,262.8,340.6,78.0,13.6,26.0,54.4,38.0,8.0,13.6,8.6,32.6,10.2,1.4,0.6666666666666666,-0.8666666666666667,30
2026-03-21 13:30:00,Everton,Chelsea,3,0,H,1.2,1.4,1.2,45.06,12.0,4.6,40.0,330.2,413.8,78.0,18.4,30.0,52.0,40.0,9.6,17.8,11.4,26.4,11.0,1.2,1.4333333333333333,-0.03333333333333333,30,1.6,1.4,1.0,63.04,15.4,4.0,26.0,537.2,594.2,90.0,20.4,22.0,36.6,50.0,6.8,14.6,9.4,18.8,10.8,2.6,1.6,0.6,30
2026-03-21 16:00:00,Leeds United,Brentford,0,0,D,0.6,1.0,0.6,40.82,12.0,3.0,28.0,256.4,336.2,72.0,16.4,28.0,52.8,40.0,7.6,15.6,8.2,34.8,13.0,2.0,1.0666666666666667,-0.36666666666666664,30,1.4,1.6,1.2,50.7,11.2,3.6,32.0,327.6,421.6,78.0,17.4,28.0,65.6,40.0,7.2,12.4,9.4,26.4,10.4,1.8,1.5,0.13333333333333333,30
2026-03-22 08:00:00,Newcastle United,Sunderland,1,2,A,1.6,1.4,1.8,47.3,14.0,5.8,44.0,328.4,402.6,82.0,20.8,22.0,52.0,40.0,10.6,17.6,6.4,22.8,12.8,2.6,1.4,0.0,30,0.6,1.2,0.8,42.44,9.6,2.6,30.0,262.6,344.0,74.0,15.8,10.0,57.6,34.0,8.6,15.0,6.2,36.4,10.4,1.6,1.3333333333333333,-0.16666666666666666,30
2026-03-22 10:15:00,Tottenham Hotspur,Nottingham Forest,0,3,A,1.0,2.4,0.2,43.059999999999995,12.0,3.8,36.0,268.2,350.6,74.0,13.8,34.0,54.8,38.0,11.2,18.6,10.8,33.2,14.6,2.2,1.0,-0.23333333333333334,30,0.6,1.0,0.6,46.459999999999994,17.2,4.4,26.0,348.8,415.0,84.0,22.0,22.0,47.6,54.0,10.0,14.6,7.4,25.0,10.4,1.8,0.9666666666666667,-0.5,30
2026-03-22 10:15:00,Aston Villa,West Ham United,2,0,H,0.8,2.0,0.8,53.67999999999999,12.6,3.2,28.0,394.2,462.6,88.0,19.2,30.0,39.6,52.0,7.2,12.6,8.2,20.4,10.8,2.2,1.7,0.1,30,1.0,1.4,1.2,39.32,9.6,2.8,46.0,272.2,353.6,76.0,15.6,22.0,46.8,38.0,10.0,16.2,12.6,27.6,11.4,2.0,0.9666666666666667,-0.6333333333333333,30
2026-04-10 15:00:00,West Ham United,Wolverhampton Wanderers,4,0,H,0.8,1.6,1.0,40.559999999999995,10.0,2.4,40.0,276.6,356.2,76.0,16.6,24.0,47.4,38.0,9.6,15.8,11.4,27.0,10.8,2.0,0.9354838709677419,-0.6774193548387096,31,1.6,1.2,1.6,41.1,8.6,3.6,46.0,266.0,341.8,78.0,15.2,28.0,48.8,34.0,11.6,18.4,9.6,30.6,10.4,2.4,0.5483870967741935,-0.967741935483871,31
2026-04-11 07:30:00,Arsenal,AFC Bournemouth,1,2,A,2.2,0.8,2.6,52.660000000000004,14.8,5.0,36.0,355.8,441.4,80.0,15.0,20.0,47.8,36.0,12.0,20.0,7.6,28.0,10.6,0.8,2.2580645161290325,1.2580645161290323,31,0.6,0.6,1.0,56.919999999999995,16.4,4.0,26.0,373.0,466.8,80.0,21.0,18.0,54.6,38.0,11.0,15.8,10.8,32.2,10.0,1.8,1.3548387096774193,-0.06451612903225806,31
2026-04-11 10:00:00,Brentford,Everton,2,2,D,1.2,1.4,1.2,51.14,10.0,3.4,32.0,327.4,430.4,78.0,17.0,30.0,69.6,36.0,7.6,12.4,8.4,30.2,9.8,1.2,1.4838709677419355,0.12903225806451613,31,1.6,1.0,1.8,41.8,10.8,5.2,50.0,322.4,403.6,78.0,17.2,26.0,52.2,40.0,10.6,20.0,11.2,28.2,9.4,1.0,1.4838709677419355,0.06451612903225806,31
2026-04-11 10:00:00,Burnley,Brighton & Hove Albion,0,2,A,1.0,2.0,0.4,40.38,10.6,3.2,34.0,289.0,360.0,80.0,14.6,26.0,55.2,44.0,7.6,13.0,8.6,30.0,10.4,1.6,0.6451612903225806,-0.9032258064516129,31,1.4,0.6,2.4,52.1,12.8,5.6,42.0,365.0,451.8,82.0,16.6,34.0,54.2,40.0,11.4,18.6,9.0,28.4,12.6,3.2,1.3870967741935485,0.12903225806451613,31
2026-04-11 12:30:00,Liverpool,Fulham,2,0,H,1.8,1.4,1.4,56.8,15.4,5.4,36.0,418.2,497.4,82.0,19.6,22.0,46.0,48.0,8.0,15.0,9.2,21.4,10.6,1.6,1.5806451612903225,0.25806451612903225,31,1.6,0.8,2.0,54.02,14.2,4.0,28.0,392.2,478.0,82.0,19.0,28.0,55.8,44.0,9.0,15.4,7.6,27.8,11.0,2.2,1.4193548387096775,-0.03225806451612903,31
2026-04-12 09:00:00,Nottingham Forest,Aston Villa,1,1,D,1.2,1.0,1.0,42.14,11.8,3.8,38.0,314.0,386.2,82.0,16.6,22.0,53.8,46.0,10.8,15.2,8.0,27.8,10.6,2.2,1.032258064516129,-0.3870967741935484,31,1.0,2.0,0.8,55.52,14.2,4.4,32.0,416.2,480.4,90.0,19.8,28.0,36.4,54.0,8.8,14.0,7.6,19.4,9.6,1.8,1.7419354838709677,0.16129032258064516,31
2026-04-12 09:00:00,Crystal Palace,Newcastle United,2,1,H,1.4,1.2,1.4,58.14000000000001,12.8,2.6,22.0,375.2,464.4,82.0,19.2,22.0,55.4,38.0,9.2,15.6,6.0,33.2,13.6,2.6,1.3,-0.06666666666666667,30,1.4,1.6,1.2,49.84,13.0,5.6,46.0,338.6,415.4,82.0,18.6,24.0,54.4,36.0,9.4,15.6,7.0,25.2,12.2,2.4,1.3548387096774193,-0.03225806451612903,31
2026-04-12 09:00:00,Sunderland,Tottenham Hotspur,1,0,H,1.0,1.2,1.4,41.839999999999996,10.8,3.6,34.0,237.8,322.0,72.0,15.4,12.0,57.8,32.0,10.0,15.6,5.4,35.0,12.6,2.6,1.3870967741935485,-0.12903225806451613,31,0.8,2.6,0.2,44.28,11.6,4.0,38.0,273.0,361.0,74.0,17.4,28.0,53.0,34.0,11.2,19.2,10.8,27.6,14.2,1.8,0.967741935483871,-0.3225806451612903,31
2026-04-12 11:30:00,Chelsea,Manchester City,0,3,A,1.2,1.6,0.8,62.6,14.0,4.0,28.0,542.0,603.4,90.0,21.4,16.0,36.2,50.0,7.0,14.8,9.4,18.8,10.4,2.2,1.5483870967741935,0.4838709677419355,31,1.8,0.8,2.2,63.84000000000001,17.4,6.0,38.0,591.0,657.0,88.0,19.6,26.0,42.2,56.0,9.0,15.6,6.2,20.0,8.6,2.0,2.033333333333333,1.0666666666666667,30
2026-04-13 15:00:00,Manchester United,Leeds United,1,2,A,1.8,1.2,2.0,53.04,15.0,6.0,42.0,405.8,491.6,84.0,16.2,20.0,47.6,46.0,8.4,14.6,9.0,24.8,11.0,2.6,1.7741935483870968,0.41935483870967744,31,0.2,0.6,0.6,45.38,14.0,3.4,24.0,275.4,361.2,72.0,22.0,26.0,52.4,42.0,7.6,16.4,8.0,35.8,11.6,1.6,1.064516129032258,-0.3548387096774194,31
2026-04-18 07:30:00,Brentford,Fulham,0,0,D,1.6,1.4,1.4,51.7,10.8,3.6,32.0,334.8,434.0,78.0,17.2,32.0,70.8,40.0,8.0,13.8,8.0,32.0,9.2,1.0,1.46875,0.125,32,1.0,1.0,1.4,54.1,15.6,4.0,26.0,409.0,494.0,84.0,21.6,32.0,52.4,50.0,9.2,15.0,8.8,26.0,9.2,2.0,1.375,-0.09375,32
2026-04-18 10:00:00,Newcastle United,AFC Bournemouth,1,2,A,1.4,1.6,1.2,52.56,11.8,4.8,44.0,365.0,448.8,82.0,20.0,20.0,53.4,34.0,8.2,13.2,7.8,24.8,12.0,2.0,1.3125,-0.0625,32,1.0,0.8,1.4,54.839999999999996,16.0,3.6,24.0,354.6,443.4,80.0,19.6,18.0,53.6,38.0,10.8,16.4,11.0,32.8,11.4,2.2,1.40625,-0.03125,32
2026-04-18 10:00:00,Leeds United,Wolverhampton Wanderers,3,0,H,0.4,0.6,1.0,48.199999999999996,14.2,3.8,26.0,314.2,400.6,74.0,22.8,28.0,55.2,44.0,6.6,14.4,7.2,35.2,11.4,1.2,1.125,-0.3125,32,1.2,1.6,1.4,43.78,10.4,3.8,42.0,290.8,360.8,82.0,15.8,28.0,42.2,32.0,10.8,16.6,9.6,30.8,10.6,2.4,0.53125,-1.0625,32
2026-04-18 12:30:00,Tottenham Hotspur,Brighton & Hove Albion,2,2,D,0.6,2.0,0.2,45.88,12.6,4.4,34.0,286.8,370.0,76.0,20.0,30.0,52.2,40.0,9.6,16.4,9.4,24.8,13.8,2.0,0.9375,-0.34375,32,1.4,0.6,2.4,52.4,13.2,5.4,40.0,380.6,464.0,82.0,17.2,40.0,51.4,42.0,13.6,21.2,10.8,28.4,12.0,3.0,1.4375,0.1875,32
2026-04-18 15:00:00,Chelsea,Manchester United,0,1,A,1.0,2.0,0.6,56.760000000000005,14.0,4.2,30.0,503.8,563.8,88.0,19.6,22.0,34.0,46.0,7.4,16.4,8.6,20.4,9.8,2.4,1.5,0.375,32,1.8,1.6,1.4,53.14000000000001,16.8,7.2,46.0,412.2,494.4,84.0,20.0,20.0,45.2,50.0,9.4,15.8,10.4,22.2,12.0,2.6,1.71875,0.375,32
2026-04-19 09:00:00,Nottingham Forest,Burnley,4,1,H,1.4,1.0,1.2,40.86,11.2,4.2,42.0,300.0,369.2,82.0,15.0,24.0,51.2,46.0,10.4,14.6,7.8,25.0,11.0,2.2,1.03125,-0.375,32,0.8,2.2,0.2,43.760000000000005,10.2,3.4,38.0,318.4,394.6,80.0,16.8,22.0,58.8,46.0,7.6,13.4,7.6,31.0,9.6,1.6,0.625,-0.9375,32
2026-04-19 09:00:00,Everton,Liverpool,1,2,A,2.0,1.2,2.0,41.3,11.2,5.8,54.0,320.0,396.2,78.0,14.2,26.0,49.4,38.0,10.8,19.6,9.8,34.4,8.4,1.0,1.46875,0.0625,32,2.0,1.4,1.4,56.839999999999996,17.0,5.6,34.0,425.2,501.6,84.0,20.4,18.0,46.6,48.0,8.8,15.6,8.8,21.2,10.8,1.6,1.625,0.3125,32
2026-04-19 09:00:00,Aston Villa,Sunderland,4,3,H,1.0,2.0,0.8,54.0,13.4,4.6,34.0,416.0,476.6,90.0,17.0,26.0,37.8,56.0,8.4,14.2,7.6,17.8,9.4,2.0,1.71875,0.15625,32,1.0,0.6,2.0,41.580000000000005,11.0,3.6,34.0,234.6,321.4,72.0,16.2,16.0,57.2,30.0,11.6,17.6,6.2,34.4,14.2,3.0,1.4375,-0.09375,32
2026-04-19 11:30:00,Manchester City,Arsenal,2,1,H,1.8,0.8,2.2,65.18,18.4,6.6,38.0,601.0,667.2,88.0,22.2,30.0,39.8,56.0,8.4,15.2,6.4,18.8,10.0,1.6,2.064516129032258,1.1290322580645162,31,2.0,0.8,2.4,51.64,15.8,4.8,32.0,339.6,422.0,80.0,15.2,18.0,47.4,40.0,11.8,19.4,6.4,27.6,11.4,0.8,2.1875,1.1875,32
2026-04-20 15:00:00,Crystal Palace,West Ham United,0,0,D,1.4,0.8,2.0,53.480000000000004,10.8,3.0,30.0,343.4,426.0,82.0,17.0,22.0,56.6,38.0,10.2,17.0,6.8,36.4,14.8,2.2,1.3548387096774193,-0.03225806451612903,31,1.6,1.6,1.4,40.98,9.6,3.2,44.0,285.8,360.4,78.0,15.6,20.0,51.2,40.0,8.8,16.2,10.8,25.2,11.0,2.2,1.0,-0.53125,32
2026-04-21 15:00:00,Brighton & Hove Albion,Chelsea,3,0,H,1.4,0.8,2.0,53.220000000000006,12.4,4.6,36.0,362.8,446.6,80.0,20.6,36.0,47.8,40.0,12.8,20.6,11.2,30.0,12.4,2.6,1.4242424242424243,0.18181818181818182,33,0.8,1.8,0.6,56.71999999999999,16.4,4.2,26.0,527.0,588.4,88.0,21.6,24.0,34.8,50.0,7.0,14.4,8.0,18.8,9.4,2.0,1.4545454545454546,0.3333333333333333,33
2026-04-22 15:00:00,Burnley,Manchester City,0,1,A,0.4,2.2,0.2,45.239999999999995,8.6,3.4,48.0,341.2,420.0,80.0,16.2,22.0,59.4,46.0,8.2,15.2,9.4,30.0,10.2,1.6,0.6060606060606061,-1.0,33,1.8,0.8,2.2,65.94,18.4,6.2,34.0,607.2,673.4,90.0,23.2,24.0,40.2,58.0,7.8,13.4,7.2,19.6,8.6,1.6,2.09375,1.125,32
2026-04-22 15:00:00,AFC Bournemouth,Leeds United,2,2,D,1.2,0.8,1.8,51.739999999999995,14.2,3.2,26.0,340.6,427.8,78.0,16.8,20.0,52.2,36.0,11.6,18.2,9.4,32.8,10.8,2.2,1.4545454545454546,0.0,33,1.0,0.4,1.6,52.82000000000001,14.8,4.6,32.0,344.0,431.4,76.0,21.8,26.0,55.8,46.0,6.8,14.0,8.4,34.4,11.2,1.6,1.1818181818181819,-0.21212121212121213,33
2026-04-24 15:00:00,Sunderland,Nottingham Forest,0,5,A,1.4,1.2,1.8,44.00000000000001,11.4,4.2,38.0,264.0,345.2,74.0,17.0,20.0,54.8,30.0,10.2,15.2,6.4,29.8,14.0,3.2,1.393939393939394,-0.12121212121212122,33,2.0,0.8,1.8,41.82000000000001,10.6,4.2,44.0,301.8,375.2,80.0,15.6,26.0,51.8,42.0,11.0,17.2,7.2,25.4,10.0,2.0,1.0909090909090908,-0.2727272727272727,33
2026-04-25 07:30:00,Fulham,Aston Villa,1,0,H,0.6,0.8,1.0,53.660000000000004,14.2,3.2,22.0,403.2,485.0,84.0,21.6,28.0,51.6,48.0,9.6,15.2,7.8,23.6,9.6,1.6,1.3636363636363635,-0.09090909090909091,33,1.8,2.2,1.4,51.82000000000001,13.6,5.0,36.0,396.4,456.8,88.0,15.0,28.0,41.2,54.0,8.6,14.0,6.4,18.8,7.8,1.6,1.7575757575757576,0.18181818181818182,33
2026-04-25 10:00:00,Liverpool,Crystal Palace,3,1,H,1.4,1.2,1.4,58.3,16.2,5.4,34.0,442.2,520.2,84.0,18.4,20.0,49.8,46.0,8.4,13.8,9.6,21.8,10.8,1.2,1.6666666666666667,0.3333333333333333,33,1.2,0.8,1.6,52.2,9.8,2.6,28.0,349.4,431.8,82.0,17.0,22.0,56.8,36.0,9.8,16.6,6.4,38.4,13.6,1.6,1.34375,-0.03125,32
2026-04-25 10:00:00,West Ham United,Everton,2,1,H,1.2,0.6,1.6,39.96,9.2,3.2,44.0,273.6,349.2,76.0,17.4,18.0,51.8,38.0,9.8,16.8,9.4,27.4,11.2,2.0,1.0,-0.5151515151515151,33,1.6,1.2,1.4,43.239999999999995,11.4,5.6,50.0,331.4,409.4,80.0,16.6,22.0,52.2,38.0,11.6,20.0,10.0,31.8,8.6,0.8,1.4242424242424243,0.030303030303030304,33
2026-04-25 10:00:00,Wolverhampton Wanderers,Tottenham Hotspur,0,1,A,1.2,2.0,1.4,44.68,9.4,2.8,36.0,301.6,376.8,80.0,16.4,22.0,48.0,34.0,11.6,17.8,7.8,28.2,11.4,2.4,0.5151515151515151,-1.121212121212121,33,0.8,2.0,0.4,45.17999999999999,12.6,5.4,42.0,280.8,356.6,78.0,18.6,28.0,47.8,40.0,9.4,16.0,9.6,27.6,13.8,2.0,0.9393939393939394,-0.3333333333333333,33
2026-04-25 12:30:00,Arsenal,Newcastle United,1,0,H,1.4,1.0,1.8,47.9,13.6,4.0,30.0,316.4,395.6,80.0,14.6,18.0,49.4,42.0,10.4,17.6,6.6,29.8,11.6,1.0,2.121212121212121,1.121212121212121,33,1.2,1.4,1.2,50.04,10.8,4.0,42.0,332.2,418.6,80.0,17.8,24.0,58.6,36.0,8.8,13.6,7.2,27.6,11.2,2.0,1.2727272727272727,-0.09090909090909091,33
2026-04-27 15:00:00,Manchester United,Brentford,2,1,H,1.6,1.4,1.4,49.2,13.6,5.2,40.0,379.2,458.2,82.0,17.2,14.0,45.6,46.0,10.4,16.2,10.8,24.8,12.0,2.8,1.7575757575757576,0.3939393939393939,33,0.8,0.8,1.0,49.58,10.2,3.0,30.0,321.6,419.6,78.0,17.2,36.0,70.4,36.0,7.2,13.4,7.0,29.4,9.0,0.6,1.4545454545454546,0.12121212121212122,33
2026-05-01 15:00:00,Leeds United,Burnley,3,1,H,1.4,0.6,1.8,46.78,13.2,4.4,34.0,300.2,384.4,74.0,18.6,28.0,52.4,46.0,8.4,15.2,8.4,42.8,10.2,1.4,1.1764705882352942,-0.20588235294117646,34,0.4,2.0,0.2,43.22,9.4,3.2,42.0,316.0,396.0,78.0,16.6,26.0,61.4,42.0,8.8,16.6,9.0,30.0,9.8,1.4,0.5882352941176471,-1.0,34
2026-05-02 10:00:00,Brentford,West Ham United,3,0,H,1.0,1.2,0.8,50.160000000000004,11.6,3.4,28.0,338.6,428.2,80.0,20.8,38.0,64.0,38.0,7.6,12.4,8.8,27.6,8.8,1.2,1.411764705882353,0.08823529411764706,34,1.4,0.8,1.6,40.7,9.4,3.2,44.0,273.4,348.2,76.0,16.8,22.0,54.8,38.0,11.8,19.8,8.6,26.6,10.6,1.8,1.0588235294117647,-0.47058823529411764,34
2026-05-02 10:00:00,Newcastle United,Brighton & Hove Albion,3,1,H,0.8,1.4,0.6,51.98,11.0,3.6,38.0,357.0,439.6,82.0,18.4,22.0,53.4,36.0,7.4,12.8,7.8,25.8,10.2,2.0,1.2352941176470589,-0.11764705882352941,34,2.0,0.6,2.6,51.82000000000001,13.2,5.8,42.0,377.0,459.0,82.0,19.2,34.0,48.4,40.0,11.4,18.8,10.6,28.4,12.6,2.0,1.4705882352941178,0.2647058823529412,34
2026-05-02 10:00:00,Wolverhampton Wanderers,Sunderland,1,1,D,0.8,2.2,0.8,45.019999999999996,9.8,2.8,36.0,297.2,373.0,80.0,18.4,26.0,48.2,36.0,13.6,21.0,7.0,27.6,10.4,2.4,0.5,-1.1176470588235294,34,1.2,2.2,1.2,50.28,13.6,4.8,38.0,307.0,385.8,78.0,19.8,22.0,50.4,34.0,9.6,13.8,6.6,23.8,12.8,3.0,1.3529411764705883,-0.2647058823529412,34
2026-05-02 12:30:00,Arsenal,Fulham,3,0,H,1.2,0.8,1.8,48.72,13.4,3.8,30.0,325.6,408.0,80.0,15.0,18.0,50.2,38.0,10.4,17.2,7.6,30.4,12.0,1.2,2.1470588235294117,1.1176470588235294,34,0.8,0.6,1.6,49.5,14.2,3.4,24.0,364.4,439.8,84.0,19.6,26.0,47.6,46.0,11.2,17.0,10.4,24.4,9.6,1.6,1.411764705882353,-0.058823529411764705,34
2026-05-03 09:00:00,AFC Bournemouth,Crystal Palace,3,0,H,1.6,1.2,1.8,54.17999999999999,15.0,4.2,30.0,352.2,439.8,78.0,20.0,22.0,53.6,36.0,11.0,17.6,9.6,29.0,10.2,2.4,1.4411764705882353,0.0,34,1.2,1.0,1.6,53.720000000000006,11.0,3.4,30.0,353.0,432.0,82.0,19.4,24.0,55.6,38.0,10.8,16.0,7.0,38.4,13.2,1.8,1.303030303030303,-0.09090909090909091,33
2026-05-03 10:30:00,Manchester United,Liverpool,3,2,H,1.8,1.2,2.0,47.18,13.0,5.4,42.0,370.4,447.2,82.0,17.4,16.0,47.0,48.0,11.6,19.6,10.6,30.2,10.0,2.6,1.7941176470588236,0.4117647058823529,34,1.8,1.0,2.0,55.82000000000001,14.0,4.6,32.0,409.8,491.4,82.0,15.4,22.0,54.8,44.0,7.8,12.4,8.8,26.8,10.2,1.2,1.7058823529411764,0.38235294117647056,34
2026-05-03 14:00:00,Aston Villa,Tottenham Hotspur,1,2,A,1.6,1.6,1.4,55.42,13.8,4.4,30.0,413.4,476.4,88.0,16.4,28.0,43.6,52.0,9.0,14.4,6.2,17.8,8.2,1.4,1.7058823529411764,0.14705882352941177,34,0.8,1.4,1.0,49.0,12.4,5.0,40.0,312.6,388.0,80.0,19.4,22.0,50.8,42.0,11.2,18.4,10.6,26.6,13.8,2.2,1.0,-0.29411764705882354,34
2026-05-04 10:00:00,Chelsea,Nottingham Forest,1,3,A,0.0,2.2,0.0,54.760000000000005,14.6,2.6,16.0,504.0,570.4,86.0,20.2,24.0,37.8,46.0,6.4,12.8,7.8,20.8,8.8,1.8,1.411764705882353,0.23529411764705882,34,2.6,0.4,2.2,43.58,10.8,4.6,48.0,287.8,364.0,78.0,16.6,28.0,52.2,42.0,10.0,16.2,7.4,30.6,11.8,2.2,1.1470588235294117,-0.11764705882352941,34
2026-05-04 15:00:00,Everton,Manchester City,3,3,D,1.4,1.6,0.8,43.36,10.8,5.2,48.0,309.0,388.6,78.0,16.4,20.0,52.6,38.0,11.2,19.8,9.2,31.0,8.8,1.6,1.3823529411764706,0.0,34,1.8,0.8,2.2,65.64000000000001,21.2,7.0,32.0,613.8,680.2,90.0,21.4,22.0,35.8,56.0,8.2,12.2,9.8,15.2,9.4,1.0,2.121212121212121,1.121212121212121,33
2026-05-09 07:30:00,Liverpool,Chelsea,1,1,D,2.0,1.4,1.8,55.71999999999999,13.2,4.8,36.0,425.0,503.4,84.0,14.2,24.0,52.2,44.0,7.0,11.6,8.6,26.2,10.8,1.6,1.6571428571428573,0.34285714285714286,35,0.2,2.6,0.0,54.739999999999995,14.4,3.0,18.0,499.4,567.2,86.0,21.6,24.0,38.8,44.0,6.4,13.4,7.4,18.2,9.4,2.0,1.3714285714285714,0.17142857142857143,35
2026-05-09 10:00:00,Brighton & Hove Albion,Wolverhampton Wanderers,3,0,H,2.0,1.2,2.0,54.96,13.4,5.8,42.0,388.0,466.0,82.0,24.2,30.0,49.6,42.0,9.8,15.8,8.8,23.4,12.6,2.2,1.4285714285714286,0.2,35,0.6,2.2,0.4,49.7,13.0,3.6,28.0,322.8,397.6,82.0,22.4,30.0,49.6,44.0,11.4,18.4,6.4,26.2,10.6,2.0,0.5142857142857142,-1.0857142857142856,35
2026-05-09 10:00:00,Sunderland,Manchester United,0,0,D,1.4,2.2,1.4,49.160000000000004,12.8,4.4,36.0,290.4,366.8,78.0,19.0,26.0,50.8,36.0,10.8,15.8,7.4,24.0,13.6,3.6,1.3428571428571427,-0.2571428571428571,35,1.8,1.4,2.0,44.220000000000006,13.4,5.4,40.0,345.8,423.8,80.0,15.8,24.0,46.8,46.0,12.2,19.6,11.4,30.2,10.4,2.4,1.8285714285714285,0.42857142857142855,35
2026-05-09 10:00:00,Fulham,AFC Bournemouth,0,1,A,0.8,1.2,1.4,47.9,15.0,3.4,22.0,360.6,431.6,84.0,18.4,24.0,44.2,42.0,12.4,18.2,9.4,24.0,9.8,1.2,1.3714285714285714,-0.14285714285714285,35,2.2,1.2,2.2,51.739999999999995,13.8,4.6,34.0,340.8,423.8,78.0,18.6,22.0,51.8,36.0,9.8,17.0,9.2,25.8,11.2,2.4,1.4857142857142858,0.08571428571428572,35
2026-05-09 12:30:00,Manchester City,Brentford,3,0,H,2.0,1.0,2.2,66.76000000000002,21.2,6.4,30.0,584.6,651.2,90.0,21.2,22.0,35.8,50.0,9.4,13.8,9.0,18.0,8.4,1.2,2.088235294117647,1.088235294117647,34,1.2,0.8,1.2,49.88,12.4,4.0,30.0,324.0,407.2,80.0,20.6,36.0,62.0,38.0,8.0,13.2,7.6,26.6,8.0,1.0,1.457142857142857,0.17142857142857143,35
2026-05-10 09:00:00,Burnley,Aston Villa,2,2,D,0.6,2.6,0.0,46.1,8.2,3.4,46.0,360.4,441.0,80.0,14.2,32.0,60.0,42.0,8.4,16.6,10.0,29.0,10.0,1.8,0.5714285714285714,-1.0285714285714285,35,1.6,1.4,1.4,54.779999999999994,13.0,4.2,30.0,400.6,462.8,86.0,15.6,24.0,40.6,52.0,9.4,15.0,5.6,14.4,9.6,1.4,1.6571428571428573,0.11428571428571428,35
2026-05-10 09:00:00,Crystal Palace,Everton,2,2,D,0.6,1.4,1.0,51.760000000000005,10.6,2.8,24.0,335.4,420.4,80.0,17.6,28.0,59.0,38.0,10.0,15.6,6.6,38.6,12.6,1.8,1.2647058823529411,-0.17647058823529413,34,2.0,1.8,1.0,41.16,11.8,5.8,50.0,289.0,364.6,78.0,16.0,24.0,51.0,40.0,12.2,22.0,6.8,28.8,9.4,2.4,1.3714285714285714,0.0,35
2026-05-10 09:00:00,Nottingham Forest,Newcastle United,1,1,D,3.2,0.6,2.6,41.019999999999996,9.8,5.0,58.0,277.0,350.6,78.0,14.6,30.0,51.6,38.0,10.6,19.0,8.0,31.2,12.2,2.0,1.2,-0.05714285714285714,35,1.2,1.6,0.6,51.86,12.2,3.8,34.0,338.0,420.8,80.0,18.6,26.0,52.4,38.0,7.4,11.8,7.6,28.8,10.2,2.2,1.2857142857142858,-0.05714285714285714,35
2026-05-10 11:30:00,West Ham United,Arsenal,0,1,A,1.2,1.2,1.4,45.32,11.8,3.8,30.0,282.4,357.0,78.0,19.8,24.0,56.4,42.0,11.8,19.8,7.8,23.6,10.2,2.0,1.0285714285714285,-0.5428571428571428,35,1.6,0.8,1.8,51.46,15.6,5.2,34.0,371.0,445.8,84.0,15.4,22.0,47.6,40.0,9.6,15.2,8.2,23.4,11.0,1.0,2.1714285714285713,1.1714285714285715,35
2026-05-11 15:00:00,Tottenham Hotspur,Leeds United,1,1,D,1.0,1.4,1.4,52.7,11.8,4.6,40.0,346.0,417.2,84.0,19.6,28.0,46.0,40.0,11.6,19.0,10.2,22.6,13.6,3.2,1.0571428571428572,-0.2571428571428571,35,2.0,0.8,2.2,49.62,14.8,5.4,36.0,343.6,429.2,78.0,19.8,28.0,52.8,48.0,8.2,14.2,9.6,34.4,10.4,2.0,1.2285714285714286,-0.14285714285714285,35
2026-05-13 15:00:00,Manchester City,Crystal Palace,3,0,H,2.4,0.8,2.6,64.14000000000001,21.4,7.2,32.0,529.6,595.0,90.0,18.4,22.0,35.0,50.0,9.6,15.0,7.4,20.8,9.0,1.6,2.1142857142857143,1.1428571428571428,35,1.0,1.8,1.0,50.3,12.4,4.4,32.0,340.0,421.2,80.0,17.8,32.0,56.4,38.0,10.2,18.0,6.8,34.6,11.2,1.4,1.2571428571428571,-0.17142857142857143,35
2026-05-15 15:00:00,Aston Villa,Liverpool,4,2,H,1.6,1.8,1.0,56.3,12.0,4.2,32.0,401.4,467.0,86.0,17.4,22.0,40.4,48.0,8.4,14.0,5.8,13.6,10.6,1.6,1.6388888888888888,0.1111111111111111,36,2.0,1.2,2.0,54.8,12.4,4.4,36.0,435.4,511.8,84.0,13.8,26.0,48.8,42.0,7.0,11.2,7.4,22.2,12.0,1.0,1.6388888888888888,0.3333333333333333,36
2026-05-17 07:30:00,Manchester United,Nottingham Forest,3,2,H,1.4,1.0,2.0,45.0,12.8,4.6,34.0,360.2,436.4,80.0,16.0,26.0,48.2,48.0,12.2,19.2,11.2,29.0,11.0,2.6,1.8055555555555556,0.4166666666666667,36,2.8,0.8,2.2,42.040000000000006,11.6,4.8,48.0,295.2,367.6,78.0,15.2,28.0,49.0,38.0,9.4,18.0,7.2,28.4,12.8,2.0,1.1944444444444444,-0.05555555555555555,36
2026-05-17 10:00:00,Brentford,Crystal Palace,2,2,D,1.2,1.4,1.0,49.6,12.0,4.0,34.0,329.0,403.0,82.0,20.4,30.0,57.0,40.0,9.2,15.8,8.4,23.0,9.0,1.4,1.4166666666666667,0.08333333333333333,36,0.6,2.2,0.4,47.52,11.4,3.8,28.0,322.6,401.4,80.0,16.4,30.0,54.2,38.0,10.4,19.4,5.4,34.4,9.2,1.8,1.2222222222222223,-0.25,36
2026-05-17 10:00:00,Leeds United,Brighton & Hove Albion,1,0,H,2.2,1.0,2.2,46.82,14.2,5.4,38.0,318.4,404.2,76.0,16.2,32.0,53.6,46.0,10.8,16.2,9.8,36.2,10.6,1.8,1.2222222222222223,-0.1388888888888889,36,2.2,1.0,2.0,59.92,13.0,5.6,42.0,428.2,505.6,84.0,26.0,28.0,50.8,42.0,10.6,16.6,9.4,19.8,12.2,1.4,1.4722222222222223,0.2777777777777778,36
2026-05-17 10:00:00,Wolverhampton Wanderers,Fulham,1,1,D,0.2,2.4,0.2,45.3,11.4,3.0,26.0,284.4,357.0,80.0,18.2,34.0,47.8,40.0,11.4,20.2,7.4,27.2,10.8,1.6,0.5,-1.1388888888888888,36,0.2,1.2,0.8,48.720000000000006,13.4,2.6,18.0,363.4,432.0,84.0,19.6,22.0,40.8,44.0,12.2,17.8,9.2,20.8,11.0,1.6,1.3333333333333333,-0.16666666666666666,36
2026-05-17 10:00:00,Everton,Sunderland,1,3,A,1.8,2.2,0.6,42.019999999999996,12.4,5.2,42.0,271.8,349.2,76.0,16.4,24.0,51.0,40.0,11.4,20.4,6.6,28.0,10.8,2.8,1.3611111111111112,0.0,36,1.0,2.0,1.0,51.339999999999996,12.4,3.8,34.0,335.8,413.0,80.0,17.8,22.0,47.6,42.0,9.6,14.4,8.6,22.0,12.2,2.4,1.3333333333333333,-0.25,36
2026-05-17 12:30:00,Newcastle United,West Ham United,3,1,H,1.2,1.4,0.8,50.64,12.2,4.2,36.0,356.6,439.2,82.0,16.8,26.0,48.0,40.0,7.4,12.6,8.2,26.8,10.8,2.0,1.2777777777777777,-0.05555555555555555,36,1.2,1.0,1.4,44.38,11.8,4.2,34.0,263.2,345.2,76.0,18.8,20.0,59.2,38.0,11.6,20.2,6.8,24.2,11.6,2.4,1.0,-0.5555555555555556,36
2026-05-18 15:00:00,Arsenal,Burnley,1,0,H,1.4,0.8,1.8,51.279999999999994,13.6,4.6,34.0,353.6,429.6,82.0,14.6,22.0,50.2,38.0,8.0,13.6,8.0,22.8,11.2,1.8,2.1944444444444446,1.1666666666666667,36,0.8,2.4,0.2,43.9,9.4,3.6,42.0,330.2,410.4,78.0,13.6,32.0,54.4,38.0,9.8,18.2,10.4,30.4,11.8,1.6,0.5833333333333334,-1.0,36
2026-05-19 14:30:00,AFC Bournemouth,Manchester City,1,1,D,2.0,0.8,2.6,48.839999999999996,12.6,4.6,38.0,317.2,395.2,80.0,16.0,26.0,54.8,36.0,9.8,16.6,8.4,27.6,13.4,2.4,1.5277777777777777,0.1111111111111111,36,2.4,0.8,2.6,66.14,20.8,6.4,30.0,536.6,606.6,90.0,17.6,20.0,37.8,46.0,9.0,13.2,7.2,20.0,8.0,1.4,2.138888888888889,1.1944444444444444,36
2026-05-19 15:15:00,Chelsea,Tottenham Hotspur,2,1,H,0.4,2.2,0.2,52.339999999999996,13.2,2.8,22.0,465.2,532.2,86.0,18.2,30.0,41.0,40.0,7.0,14.4,8.0,16.6,11.4,2.4,1.3611111111111112,0.16666666666666666,36,1.2,1.0,1.6,52.32000000000001,12.2,4.6,40.0,342.0,411.6,84.0,19.4,30.0,47.4,42.0,12.2,19.4,11.0,24.0,13.4,3.6,1.0555555555555556,-0.25,36
2026-05-24 11:00:00,Nottingham Forest,AFC Bournemouth,1,1,D,3.0,1.2,2.0,44.260000000000005,10.8,4.8,50.0,319.2,394.8,78.0,14.8,28.0,49.2,36.0,9.6,19.0,7.8,27.8,10.8,1.8,1.162162162162162,-0.08108108108108109,37,1.8,0.8,2.2,48.46,13.0,4.4,34.0,331.0,411.0,80.0,17.2,28.0,54.6,36.0,9.0,16.2,7.0,29.2,13.0,2.6,1.5135135135135136,0.10810810810810811,37
2026-05-24 11:00:00,Crystal Palace,Arsenal,1,2,A,1.0,2.6,0.4,45.04,12.8,4.6,32.0,294.4,379.4,78.0,14.0,32.0,58.6,38.0,10.6,20.4,7.0,34.8,7.6,2.0,1.2162162162162162,-0.24324324324324326,37,1.4,0.4,2.4,52.879999999999995,13.2,4.6,34.0,379.6,454.4,84.0,12.8,22.0,49.4,38.0,7.6,13.6,7.0,21.2,10.2,1.8,2.2162162162162162,1.162162162162162,37
2026-05-24 11:00:00,Manchester City,Aston Villa,1,2,A,2.2,0.8,2.2,65.28,20.6,6.4,32.0,544.6,614.2,90.0,17.8,18.0,36.6,46.0,7.8,11.8,6.6,18.2,8.4,1.4,2.108108108108108,1.162162162162162,37,2.2,2.0,1.4,53.4,12.4,5.0,36.0,372.8,439.8,84.0,16.8,20.0,41.2,46.0,9.0,13.2,5.2,16.0,11.0,1.8,1.6756756756756757,0.16216216216216217,37
2026-05-24 11:00:00,Fulham,Newcastle United,2,0,H,0.4,1.0,1.0,53.1,12.2,2.8,22.0,391.6,463.4,84.0,17.6,18.0,40.2,42.0,12.2,17.6,8.2,20.0,11.8,1.6,1.3243243243243243,-0.16216216216216217,37,1.6,1.2,1.4,49.92,13.8,5.0,38.0,352.0,431.4,82.0,16.4,28.0,47.0,40.0,10.0,16.2,7.4,26.4,10.0,1.6,1.3243243243243243,0.0,37
2026-05-24 11:00:00,Liverpool,Brentford,1,1,D,2.0,2.0,1.4,55.25999999999999,12.0,4.4,36.0,422.8,498.4,84.0,15.2,32.0,45.2,40.0,6.0,9.6,7.8,20.2,11.8,1.2,1.5945945945945945,0.2702702702702703,37,1.2,1.4,1.0,50.3,11.4,3.8,34.0,327.4,405.0,82.0,20.4,24.0,54.6,40.0,8.4,13.8,8.2,25.0,9.2,1.6,1.4054054054054055,0.08108108108108109,37
2026-05-24 11:00:00,West Ham United,Leeds United,3,0,H,0.6,1.6,0.8,44.52,11.2,4.4,36.0,273.6,356.2,76.0,18.8,24.0,57.6,36.0,12.6,19.6,7.6,23.8,11.6,2.6,0.972972972972973,-0.5945945945945946,37,2.0,0.8,2.2,44.1,12.6,4.4,32.0,280.8,369.6,74.0,16.8,26.0,53.2,42.0,10.2,16.2,9.0,36.2,9.4,1.6,1.2702702702702702,-0.10810810810810811,37
2026-05-24 11:00:00,Brighton & Hove Albion,Manchester United,0,3,A,1.8,1.2,1.4,63.260000000000005,14.2,6.0,40.0,443.0,521.4,84.0,30.0,26.0,50.8,40.0,7.4,12.0,7.0,21.4,11.4,1.2,1.4324324324324325,0.24324324324324326,37,1.8,1.0,2.6,44.08,14.6,4.4,30.0,352.8,424.6,82.0,14.2,30.0,47.8,50.0,11.4,18.8,10.2,30.4,10.8,2.4,1.837837837837838,0.43243243243243246,37
2026-05-24 11:00:00,Tottenham Hotspur,Everton,1,0,H,1.4,1.2,1.6,53.9,11.8,3.8,34.0,377.6,447.8,86.0,17.8,30.0,46.6,42.0,13.0,20.2,11.6,21.2,14.0,3.6,1.027027027027027,-0.2702702702702703,37,1.6,2.4,0.4,42.46,11.6,4.6,40.0,280.2,355.4,78.0,16.0,30.0,54.0,40.0,11.4,19.8,7.2,26.2,12.2,3.0,1.3243243243243243,-0.05405405405405406,37
2026-05-24 11:00:00,Sunderland,Chelsea,2,1,H,1.4,2.2,1.0,51.419999999999995,11.2,4.0,38.0,349.0,422.6,82.0,18.2,18.0,46.0,42.0,8.2,12.0,7.4,23.6,11.2,1.8,1.3783783783783783,-0.1891891891891892,37,0.8,1.8,0.8,53.720000000000006,12.6,3.0,24.0,468.8,537.2,86.0,18.4,24.0,43.0,40.0,7.8,14.0,9.8,14.4,11.6,2.6,1.4054054054054055,0.1891891891891892,37
2026-05-24 11:00:00,Burnley,Wolverhampton Wanderers,1,1,D,0.8,2.2,0.2,41.74,8.4,2.6,32.0,306.0,382.6,78.0,11.2,34.0,54.2,36.0,10.8,20.2,9.8,30.2,13.6,1.8,0.5675675675675675,-1.0,37,0.4,1.8,0.4,40.34,10.8,3.0,28.0,242.0,318.0,76.0,17.6,38.0,53.0,42.0,11.6,20.0,8.2,27.8,13.4,1.4,0.5135135135135135,-1.1081081081081081,37
